#include "sound/wanwan_oki_bank.h"

#include <stdint.h>

/*
 * Freely licensed replacement MSM6653A-457 phrase ROM for
 * Wanwan Aijou Monogatari.
 *
 * This is not a dump of the internal OKI mask ROM, and it is not derived
 * from captured commercial game audio. It is a compatibility replacement
 * built from CC0/public-domain sound effects under assets/wanwan_free_sounds.
 * A user-supplied external binary ROM takes precedence at runtime.
 *
 * Current generated mapping and encode/decode scoring:
 * 0x01: cmd01_dog_bark_short.wav [free replacement guess], peak=1250, pitch=1.000, pcm=1450, phrase=732, score=0.0747
 * 0x02: cmd02_dog_bark_alt.wav [free replacement guess], peak=1250, pitch=1.000, pcm=1450, phrase=732, score=0.0481
 * 0x03: cmd03_dog_bark_single.wav [free replacement guess], peak=1050, pitch=1.000, pcm=1557, phrase=786, score=0.0434
 * 0x04: cmd04_dog_bark_cc0.wav [free replacement guess], peak=900, pitch=1.000, pcm=1835, phrase=926, score=0.0758
 * 0x05: cmd05_bush_rustle.wav [free replacement guess], peak=1050, pitch=1.000, pcm=3881, phrase=1957, score=0.1970
 * 0x06: cmd06_pageflip.wav [free replacement guess], peak=1250, pitch=1.000, pcm=3923, phrase=1978, score=0.1783
 * 0x07: cmd07_ship_machine.wav [free replacement guess], peak=1250, pitch=1.000, pcm=4430, phrase=2234, score=0.1238
 * 0x08: cmd08_explosion.wav [free replacement guess], peak=900, pitch=1.000, pcm=2039, phrase=1029, score=0.0855
 * 0x09: cmd09_dog_bark_low.wav [free replacement guess], peak=900, pitch=0.880, pcm=1648, phrase=832, score=0.0656
 * 0x0A: cmd0A_dog_complain.wav [free replacement guess], peak=1050, pitch=1.000, pcm=1557, phrase=786, score=0.0434
 * 0x0B: cmd0B_dog_disappointed.wav [free replacement guess], peak=1250, pitch=0.920, pcm=1995, phrase=1006, score=0.0647
 * 0x0C: cmd0C_dog_grunt.wav [free replacement guess], peak=900, pitch=1.080, pcm=2889, phrase=1457, score=0.0761
 * 0x0D: cmd0D_bush_rustle_alt.wav [free replacement guess], peak=900, pitch=0.820, pcm=5334, phrase=2689, score=0.1807
 * 0x0E: cmd0E_pageflip_alt.wav [free replacement guess], peak=1250, pitch=1.000, pcm=4160, phrase=2098, score=0.1585
 * 0x0F: cmd0F_ship_machine_alt.wav [free replacement guess], peak=1050, pitch=0.860, pcm=4897, phrase=2469, score=0.1718
 * 0x10: cmd10_bang.wav [free replacement guess], peak=1050, pitch=1.140, pcm=5100, phrase=2572, score=0.2658
 * 0x11: cmd11_dog_bark_yip.wav [free replacement guess], peak=1250, pitch=1.000, pcm=1450, phrase=732, score=0.0481
 * 0x12: cmd12_dog_complain_alt.wav [free replacement guess], peak=1250, pitch=0.760, pcm=2049, phrase=1034, score=0.0320
 * 0x13: cmd13_dog_bark2_replacement.wav [trace-known replacement], peak=1450, pitch=1.000, pcm=1835, phrase=926, score=0.0780
 * 0x14: cmd14_rustle_alt.wav [free replacement guess], peak=900, pitch=1.000, pcm=3368, phrase=1699, score=0.2759
 * 0x15: cmd15_dog_disappointed_alt.wav [free replacement guess], peak=900, pitch=0.800, pcm=811, phrase=410, score=0.1910
 * 0x16: cmd16_two_bark_replacement.wav [trace-known replacement], peak=1450, pitch=1.000, pcm=3952, phrase=1993, score=0.0760
 *
 * Table format used by this emulator: 128 entries at ROM offset 0, four
 * bytes per command, containing a 24-bit big-endian phrase start address
 * followed by one reserved byte. Phrases are [count][ADPCM bytes] blocks
 * terminated by a zero count, matching the OKIM6376-style block stream.
 */
const uint8_t wanwan_oki_rom[] = {
    0x00, 0x00, 0x00, 0x00, 0x00, 0x02, 0x00, 0x00, 0x00, 0x04, 0xE0, 0x00,
    0x00, 0x07, 0xC0, 0x00, 0x00, 0x0A, 0xE0, 0x00, 0x00, 0x0E, 0x80, 0x00,
    0x00, 0x16, 0x30, 0x00, 0x00, 0x1D, 0xF0, 0x00, 0x00, 0x26, 0xB0, 0x00,
    0x00, 0x2A, 0xC0, 0x00, 0x00, 0x2E, 0x00, 0x00, 0x00, 0x31, 0x20, 0x00,
    0x00, 0x35, 0x10, 0x00, 0x00, 0x3A, 0xD0, 0x00, 0x00, 0x45, 0x60, 0x00,
    0x00, 0x4D, 0xA0, 0x00, 0x00, 0x57, 0x50, 0x00, 0x00, 0x61, 0x60, 0x00,
    0x00, 0x64, 0x40, 0x00, 0x00, 0x68, 0x50, 0x00, 0x00, 0x6B, 0xF0, 0x00,
    0x00, 0x72, 0xA0, 0x00, 0x00, 0x74, 0x40, 0x00, 0x00, 0x00, 0x00, 0x00,
    0x00, 0x00, 0x00, 0x00, 0x00, 0x00, 0x00, 0x00, 0x00, 0x00, 0x00, 0x00,
    0x00, 0x00, 0x00, 0x00, 0x00, 0x00, 0x00, 0x00, 0x00, 0x00, 0x00, 0x00,
    0x00, 0x00, 0x00, 0x00, 0x00, 0x00, 0x00, 0x00, 0x00, 0x00, 0x00, 0x00,
    0x00, 0x00, 0x00, 0x00, 0x00, 0x00, 0x00, 0x00, 0x00, 0x00, 0x00, 0x00,
    0x00, 0x00, 0x00, 0x00, 0x00, 0x00, 0x00, 0x00, 0x00, 0x00, 0x00, 0x00,
    0x00, 0x00, 0x00, 0x00, 0x00, 0x00, 0x00, 0x00, 0x00, 0x00, 0x00, 0x00,
    0x00, 0x00, 0x00, 0x00, 0x00, 0x00, 0x00, 0x00, 0x00, 0x00, 0x00, 0x00,
    0x00, 0x00, 0x00, 0x00, 0x00, 0x00, 0x00, 0x00, 0x00, 0x00, 0x00, 0x00,
    0x00, 0x00, 0x00, 0x00, 0x00, 0x00, 0x00, 0x00, 0x00, 0x00, 0x00, 0x00,
    0x00, 0x00, 0x00, 0x00, 0x00, 0x00, 0x00, 0x00, 0x00, 0x00, 0x00, 0x00,
    0x00, 0x00, 0x00, 0x00, 0x00, 0x00, 0x00, 0x00, 0x00, 0x00, 0x00, 0x00,
    0x00, 0x00, 0x00, 0x00, 0x00, 0x00, 0x00, 0x00, 0x00, 0x00, 0x00, 0x00,
    0x00, 0x00, 0x00, 0x00, 0x00, 0x00, 0x00, 0x00, 0x00, 0x00, 0x00, 0x00,
    0x00, 0x00, 0x00, 0x00, 0x00, 0x00, 0x00, 0x00, 0x00, 0x00, 0x00, 0x00,
    0x00, 0x00, 0x00, 0x00, 0x00, 0x00, 0x00, 0x00, 0x00, 0x00, 0x00, 0x00,
    0x00, 0x00, 0x00, 0x00, 0x00, 0x00, 0x00, 0x00, 0x00, 0x00, 0x00, 0x00,
    0x00, 0x00, 0x00, 0x00, 0x00, 0x00, 0x00, 0x00, 0x00, 0x00, 0x00, 0x00,
    0x00, 0x00, 0x00, 0x00, 0x00, 0x00, 0x00, 0x00, 0x00, 0x00, 0x00, 0x00,
    0x00, 0x00, 0x00, 0x00, 0x00, 0x00, 0x00, 0x00, 0x00, 0x00, 0x00, 0x00,
    0x00, 0x00, 0x00, 0x00, 0x00, 0x00, 0x00, 0x00, 0x00, 0x00, 0x00, 0x00,
    0x00, 0x00, 0x00, 0x00, 0x00, 0x00, 0x00, 0x00, 0x00, 0x00, 0x00, 0x00,
    0x00, 0x00, 0x00, 0x00, 0x00, 0x00, 0x00, 0x00, 0x00, 0x00, 0x00, 0x00,
    0x00, 0x00, 0x00, 0x00, 0x00, 0x00, 0x00, 0x00, 0x00, 0x00, 0x00, 0x00,
    0x00, 0x00, 0x00, 0x00, 0x00, 0x00, 0x00, 0x00, 0x00, 0x00, 0x00, 0x00,
    0x00, 0x00, 0x00, 0x00, 0x00, 0x00, 0x00, 0x00, 0x00, 0x00, 0x00, 0x00,
    0x00, 0x00, 0x00, 0x00, 0x00, 0x00, 0x00, 0x00, 0x00, 0x00, 0x00, 0x00,
    0x00, 0x00, 0x00, 0x00, 0x00, 0x00, 0x00, 0x00, 0x00, 0x00, 0x00, 0x00,
    0x00, 0x00, 0x00, 0x00, 0x00, 0x00, 0x00, 0x00, 0x00, 0x00, 0x00, 0x00,
    0x00, 0x00, 0x00, 0x00, 0x00, 0x00, 0x00, 0x00, 0x00, 0x00, 0x00, 0x00,
    0x00, 0x00, 0x00, 0x00, 0x00, 0x00, 0x00, 0x00, 0x00, 0x00, 0x00, 0x00,
    0x00, 0x00, 0x00, 0x00, 0x00, 0x00, 0x00, 0x00, 0x00, 0x00, 0x00, 0x00,
    0x00, 0x00, 0x00, 0x00, 0x00, 0x00, 0x00, 0x00, 0x00, 0x00, 0x00, 0x00,
    0x00, 0x00, 0x00, 0x00, 0x00, 0x00, 0x00, 0x00, 0x00, 0x00, 0x00, 0x00,
    0x00, 0x00, 0x00, 0x00, 0x00, 0x00, 0x00, 0x00, 0x00, 0x00, 0x00, 0x00,
    0x00, 0x00, 0x00, 0x00, 0x00, 0x00, 0x00, 0x00, 0x7F, 0x00, 0x80, 0x80,
    0x80, 0x80, 0x80, 0x80, 0x80, 0x80, 0x80, 0x80, 0x80, 0x80, 0x80, 0x80,
    0x80, 0x08, 0x08, 0x00, 0x80, 0x88, 0x88, 0x98, 0x80, 0x80, 0x00, 0x08,
    0x00, 0x10, 0x00, 0x80, 0x89, 0x08, 0x00, 0x01, 0x80, 0x08, 0x08, 0x98,
    0xAB, 0xAB, 0x98, 0x02, 0x22, 0x34, 0x12, 0x98, 0x0B, 0x9A, 0xA1, 0x22,
    0x42, 0xB9, 0xFA, 0x08, 0x62, 0x20, 0xCB, 0xDA, 0x00, 0x42, 0x11, 0xA9,
    0x02, 0x54, 0x19, 0xBE, 0xBA, 0x82, 0x53, 0x39, 0xCE, 0xA9, 0x12, 0x35,
    0x10, 0x8B, 0xA9, 0x12, 0x09, 0xB8, 0x22, 0x0B, 0xF8, 0xA0, 0x33, 0x74,
    0x1A, 0xCC, 0x88, 0x01, 0x01, 0x91, 0x93, 0x63, 0x20, 0xDD, 0xAB, 0x80,
    0x35, 0x52, 0x0B, 0xFA, 0xA0, 0x42, 0x42, 0x89, 0xBB, 0xA8, 0x02, 0x99,
    0x81, 0x41, 0x40, 0x09, 0xAD, 0xA8, 0x20, 0x28, 0x67, 0x11, 0xBE, 0xAC,
    0x81, 0x14, 0x42, 0x08, 0x7F, 0xCA, 0xBA, 0x02, 0x35, 0x08, 0xAC, 0x81,
    0x14, 0x00, 0x09, 0xB9, 0xC0, 0x11, 0x4B, 0x01, 0xB4, 0x0E, 0x00, 0x43,
    0x09, 0xAE, 0x99, 0xA2, 0x37, 0x20, 0x8B, 0xCB, 0xB0, 0x27, 0x42, 0x88,
    0xCC, 0x99, 0x03, 0x23, 0x2A, 0xAB, 0x95, 0x33, 0xCE, 0x99, 0x91, 0x32,
    0x71, 0x8A, 0xC9, 0x08, 0x38, 0x82, 0x09, 0x3A, 0x24, 0xB0, 0xEC, 0x1B,
    0x84, 0x23, 0x43, 0xAD, 0xBA, 0xA1, 0x33, 0x34, 0xC9, 0xD9, 0x04, 0x33,
    0x99, 0xEA, 0x98, 0x15, 0x34, 0x8B, 0xDB, 0x81, 0x35, 0x10, 0x8D, 0xB9,
    0x04, 0x40, 0x09, 0xCA, 0x88, 0x33, 0x48, 0xA9, 0xA8, 0x42, 0x0B, 0xBD,
    0xA0, 0x37, 0x11, 0x8B, 0xB9, 0x02, 0x82, 0x08, 0x22, 0x0A, 0xF9, 0xA3,
    0x34, 0x9D, 0x89, 0xA5, 0x61, 0x8A, 0xDB, 0x82, 0x71, 0x18, 0xCA, 0xA0,
    0x33, 0x48, 0xAB, 0x98, 0x02, 0x38, 0x1B, 0x8C, 0x38, 0x04, 0x04, 0xCC,
    0x7F, 0xC9, 0x11, 0x53, 0x00, 0xCA, 0xA1, 0x52, 0x88, 0xDC, 0x92, 0x14,
    0x20, 0x8A, 0xA1, 0xA9, 0x28, 0x21, 0xB1, 0xFB, 0x23, 0x07, 0x1A, 0x9C,
    0x99, 0x86, 0x28, 0x80, 0x10, 0xAA, 0x9D, 0x82, 0x10, 0x41, 0x10, 0x98,
    0xFC, 0x9A, 0x54, 0x23, 0x9C, 0xCB, 0x92, 0x62, 0x09, 0xBC, 0x80, 0x44,
    0x18, 0xAB, 0xBA, 0x13, 0x34, 0x10, 0xBA, 0xD9, 0x14, 0x31, 0x9C, 0xDB,
    0x02, 0x73, 0x18, 0xCC, 0x99, 0x12, 0x41, 0x0A, 0x0A, 0x99, 0x81, 0x20,
    0x09, 0xB1, 0x82, 0x44, 0x30, 0xFC, 0xA8, 0x31, 0x22, 0x1A, 0xCC, 0x24,
    0x10, 0xAA, 0xD9, 0x01, 0x26, 0x29, 0xA8, 0xA8, 0x09, 0x01, 0x18, 0xD3,
    0x08, 0x04, 0x78, 0xBB, 0xD8, 0x11, 0x72, 0x9A, 0xA8, 0x80, 0x41, 0x8A,
    0xB1, 0x20, 0x02, 0x8B, 0xB3, 0x39, 0xFD, 0x08, 0x63, 0x30, 0xFA, 0xA8,
    0x23, 0x22, 0x9D, 0xB0, 0x32, 0x10, 0x8D, 0xA8, 0x7F, 0x00, 0x83, 0x12,
    0x52, 0xAC, 0xBD, 0x93, 0x40, 0x0B, 0xC8, 0x54, 0x28, 0xBD, 0xA8, 0x14,
    0x21, 0xBD, 0x81, 0x33, 0x09, 0xD9, 0xB8, 0x23, 0x10, 0x81, 0x35, 0x9D,
    0xA8, 0xB8, 0x52, 0x08, 0xD9, 0x05, 0x31, 0x8A, 0xDB, 0xA1, 0x53, 0x89,
    0x98, 0x00, 0x13, 0x8A, 0x9E, 0xC8, 0x00, 0x52, 0x34, 0x1C, 0xCB, 0x9A,
    0x03, 0x63, 0x1A, 0xA9, 0xBD, 0x17, 0x19, 0x90, 0x9B, 0x02, 0x41, 0x8B,
    0x88, 0x02, 0x34, 0xEE, 0x91, 0x13, 0x22, 0x8B, 0xE8, 0x18, 0x81, 0x2A,
    0xB1, 0x71, 0xAA, 0x08, 0x08, 0x22, 0x8D, 0xC1, 0x13, 0x28, 0xAB, 0xB0,
    0x26, 0x30, 0xBE, 0xAA, 0x32, 0x42, 0x29, 0xBE, 0x91, 0x12, 0x89, 0xAB,
    0x81, 0x46, 0x38, 0xBC, 0xA8, 0x12, 0x28, 0xCA, 0x85, 0x20, 0x38, 0xCE,
    0x92, 0x21, 0x18, 0xCA, 0x98, 0x43, 0x12, 0x9E, 0xB1, 0x3A, 0x93, 0x58,
    0xB8, 0x19, 0x9D, 0x05, 0x7F, 0x19, 0x81, 0x8D, 0x13, 0x20, 0x0A, 0xEC,
    0xA8, 0x36, 0x11, 0x29, 0xF9, 0x01, 0x10, 0x00, 0xAE, 0x91, 0x32, 0x10,
    0x0C, 0xC9, 0x22, 0x23, 0x0D, 0xBB, 0x82, 0x12, 0x35, 0x89, 0xB0, 0x1A,
    0xA9, 0x99, 0xA3, 0x79, 0x34, 0x08, 0xAA, 0x9C, 0xC9, 0x16, 0x20, 0x12,
    0x0B, 0xBA, 0xD0, 0x10, 0x2B, 0x93, 0x56, 0x10, 0xBF, 0xBA, 0x12, 0x56,
    0x18, 0x9B, 0xDA, 0x11, 0x31, 0x28, 0x8C, 0x98, 0x32, 0x19, 0x8C, 0xC8,
    0x03, 0x22, 0x0B, 0xE9, 0x11, 0x32, 0x38, 0xFB, 0x98, 0x23, 0x25, 0x09,
    0x9A, 0xAC, 0xC0, 0x22, 0x62, 0x09, 0xB9, 0x08, 0x0C, 0x81, 0x11, 0x22,
    0x21, 0xBD, 0xF9, 0x92, 0x82, 0x27, 0x10, 0x9B, 0xAC, 0x80, 0x12, 0x40,
    0x0A, 0x82, 0xAA, 0x03, 0x0F, 0xB1, 0x32, 0x24, 0x0A, 0xEC, 0x92, 0x23,
    0x28, 0xCA, 0xA9, 0x15, 0x50, 0x9A, 0xB0, 0x02, 0x08, 0x9A, 0xA2, 0x72,
    0x5A, 0x1A, 0xC9, 0x88, 0x01, 0x28, 0x99, 0x64, 0x0C, 0xA9, 0x99, 0x15,
    0x30, 0x11, 0x9E, 0xBA, 0x14, 0x08, 0x01, 0x10, 0x22, 0x9D, 0xCB, 0x82,
    0x02, 0x18, 0x25, 0x39, 0xDB, 0x9B, 0x92, 0x72, 0x20, 0xBB, 0x89, 0x21,
    0x89, 0xDC, 0x12, 0x45, 0x09, 0x9C, 0x9A, 0x04, 0x21, 0x1A, 0x19, 0x9E,
    0x8A, 0x19, 0x53, 0x28, 0x88, 0xBB, 0x98, 0x10, 0x01, 0x13, 0x00, 0x2E,
    0xAB, 0x89, 0x06, 0x30, 0x1B, 0x0C, 0x90, 0x90, 0x28, 0x10, 0x00, 0x88,
    0x90, 0x00, 0x80, 0x2A, 0x88, 0x39, 0x80, 0x08, 0x89, 0x80, 0x00, 0x00,
    0x88, 0x80, 0x08, 0x08, 0x08, 0x08, 0x08, 0x00, 0x00, 0x00, 0x00, 0x00,
    0x7F, 0x00, 0x80, 0x80, 0x80, 0x80, 0x80, 0x88, 0x08, 0x08, 0x08, 0x00,
    0x80, 0x80, 0x08, 0x00, 0x80, 0x08, 0x08, 0x08, 0x80, 0x80, 0x80, 0x80,
    0x88, 0x88, 0x98, 0x80, 0x00, 0x88, 0x88, 0x98, 0x80, 0x01, 0x12, 0x22,
    0x00, 0x00, 0x09, 0x81, 0x00, 0x90, 0x08, 0xAB, 0x8A, 0xBB, 0x88, 0x0A,
    0x13, 0x01, 0x03, 0x29, 0x88, 0x9C, 0xB8, 0x98, 0x12, 0x73, 0x42, 0x22,
    0x9A, 0xCB, 0x9C, 0xA0, 0xAB, 0xE9, 0xBB, 0xA0, 0x34, 0x74, 0x42, 0x20,
    0x9B, 0xCB, 0xAC, 0x80, 0x12, 0x26, 0x10, 0x08, 0x8A, 0xAB, 0xE8, 0xB0,
    0x09, 0x43, 0x44, 0x33, 0x0A, 0x9F, 0xAA, 0x90, 0x88, 0x28, 0x88, 0x09,
    0x06, 0x18, 0x35, 0x35, 0x11, 0xBE, 0xDC, 0xB9, 0x91, 0x35, 0x43, 0x31,
    0x10, 0x89, 0xDB, 0xEA, 0xA9, 0x80, 0x13, 0x22, 0x82, 0x08, 0x30, 0x51,
    0x02, 0x90, 0x18, 0xF9, 0x8C, 0xE8, 0x80, 0x88, 0x7F, 0x73, 0x08, 0x34,
    0x1A, 0xA8, 0x9F, 0xD9, 0x89, 0x98, 0x22, 0x32, 0x54, 0x41, 0x20, 0xAB,
    0xF9, 0xBA, 0x90, 0x20, 0x10, 0x32, 0x35, 0x10, 0x0A, 0xCB, 0xC8, 0x92,
    0x13, 0x41, 0x42, 0xB9, 0x9C, 0xFC, 0xA8, 0x11, 0x36, 0x32, 0x20, 0xAA,
    0xEA, 0xD9, 0x29, 0x00, 0x45, 0x00, 0x82, 0x8D, 0xA9, 0x88, 0xB3, 0x25,
    0x18, 0x24, 0x0B, 0x98, 0xFB, 0xA0, 0x00, 0x33, 0x61, 0x81, 0x0A, 0x9A,
    0x19, 0xC8, 0xA3, 0x16, 0x01, 0x00, 0xEB, 0xCA, 0x10, 0x46, 0x81, 0x38,
    0x0A, 0xAB, 0xAD, 0xC8, 0x01, 0x33, 0x70, 0x01, 0xB0, 0x9A, 0x09, 0x8A,
    0x22, 0x03, 0x22, 0xFC, 0x9A, 0xB9, 0x87, 0x31, 0x43, 0x30, 0xAB, 0xFB,
    0xC9, 0x80, 0x02, 0x46, 0x20, 0x89, 0x8C, 0xCA, 0x82, 0x14, 0x50, 0x18,
    0x9A, 0xDA, 0xB8, 0x93, 0x52, 0x23, 0x18, 0xAA, 0x9D, 0x89, 0x28, 0x03,
    0xC1, 0xA9, 0xAA, 0x07, 0x7F, 0x30, 0xB4, 0x40, 0xAB, 0x00, 0xB2, 0x1A,
    0xCC, 0x89, 0x0D, 0xB5, 0x37, 0x28, 0x28, 0xAC, 0xCA, 0xA0, 0x24, 0x51,
    0x01, 0x09, 0xDA, 0xCA, 0x91, 0x22, 0x35, 0x33, 0x18, 0xAA, 0xCB, 0xEB,
    0xA9, 0x13, 0x26, 0x23, 0x28, 0x0B, 0xCB, 0xC8, 0xA8, 0x23, 0x64, 0x10,
    0xBB, 0xDA, 0x89, 0x12, 0x37, 0x21, 0x80, 0xAA, 0xCC, 0x98, 0x01, 0x14,
    0x20, 0x20, 0x0B, 0xCA, 0x90, 0xA1, 0x52, 0xA1, 0x82, 0xDB, 0x02, 0x88,
    0xD9, 0x43, 0x34, 0x48, 0x98, 0xCD, 0x9B, 0xA8, 0x05, 0x14, 0x30, 0x80,
    0xAA, 0xEA, 0x82, 0x33, 0x43, 0x0B, 0xCB, 0x8F, 0xA8, 0x81, 0x05, 0x20,
    0x01, 0x13, 0x09, 0xB1, 0x9C, 0xCD, 0xC9, 0x82, 0x25, 0x22, 0x0A, 0x0B,
    0xCA, 0x88, 0x37, 0x53, 0x08, 0xCC, 0xAC, 0x90, 0x89, 0x26, 0x33, 0x20,
    0x9A, 0xBA, 0xBC, 0x90, 0x32, 0x80, 0x18, 0xA2, 0x11, 0xB9, 0x2E, 0x92,
    0x7F, 0x85, 0x19, 0x46, 0x14, 0x9C, 0xCB, 0xB8, 0x01, 0x36, 0x12, 0x08,
    0x0A, 0xBA, 0xE1, 0x30, 0x28, 0x89, 0xB8, 0xC8, 0x98, 0x22, 0x40, 0x41,
    0x43, 0xB9, 0x39, 0x0E, 0xC8, 0xBC, 0xB0, 0x90, 0x64, 0x28, 0x92, 0x18,
    0x80, 0x17, 0x20, 0x8B, 0xEA, 0xDB, 0xB9, 0x15, 0x34, 0x41, 0x18, 0xBA,
    0xA9, 0xAC, 0x83, 0x33, 0x21, 0xBD, 0x8A, 0x11, 0x09, 0xE9, 0xA0, 0x62,
    0x08, 0x92, 0x75, 0x10, 0xBD, 0xBA, 0x80, 0x88, 0x33, 0x72, 0x08, 0xBB,
    0xB9, 0x21, 0x13, 0x45, 0x28, 0xBF, 0xBA, 0x90, 0x14, 0x03, 0x32, 0x40,
    0xAC, 0xCB, 0xA0, 0x12, 0x10, 0x03, 0x43, 0x19, 0xBF, 0xB8, 0x12, 0x9A,
    0x88, 0x52, 0x11, 0x92, 0x08, 0x1C, 0xAC, 0x0B, 0xB4, 0x99, 0xB0, 0x54,
    0x41, 0x88, 0x89, 0x0B, 0xA9, 0x92, 0x71, 0xC9, 0x98, 0x2E, 0x81, 0x33,
    0x42, 0x12, 0xB9, 0xFD, 0xA9, 0x21, 0x01, 0x05, 0x7F, 0x09, 0x89, 0x08,
    0x9A, 0x27, 0x44, 0x89, 0xBC, 0x9A, 0x9B, 0x81, 0x15, 0x33, 0x41, 0x98,
    0xB9, 0xA1, 0x0B, 0x19, 0x13, 0xBF, 0xA8, 0x03, 0x9A, 0x14, 0x72, 0x8A,
    0x9B, 0xB1, 0x87, 0x29, 0x11, 0x81, 0x0A, 0xEC, 0xD8, 0x10, 0x42, 0x21,
    0x91, 0x8A, 0xCE, 0x88, 0x01, 0x42, 0x21, 0x00, 0xAF, 0xAC, 0x90, 0x11,
    0x23, 0x31, 0x20, 0x8A, 0xFC, 0xA0, 0x08, 0x33, 0x35, 0x22, 0x8D, 0xCB,
    0xB9, 0xA2, 0x33, 0x25, 0x28, 0x20, 0xCB, 0x9C, 0x11, 0x85, 0x24, 0x08,
    0x8C, 0xBB, 0x9C, 0xA8, 0x95, 0x32, 0x33, 0x32, 0x00, 0x99, 0xEA, 0xAD,
    0xAC, 0x98, 0x13, 0x37, 0x21, 0x10, 0x89, 0xAC, 0xB9, 0xB8, 0x22, 0x12,
    0xA0, 0x19, 0x11, 0x17, 0x33, 0x60, 0x99, 0xD9, 0xBB, 0xAA, 0x9B, 0x37,
    0x23, 0x40, 0x02, 0x23, 0x1F, 0xDA, 0xA8, 0x01, 0x00, 0x11, 0x21, 0x01,
    0x11, 0x09, 0x98, 0x1D, 0x5A, 0x13, 0xB0, 0xFC, 0xB8, 0x11, 0x18, 0x00,
    0x75, 0x11, 0x08, 0xAC, 0xCC, 0x08, 0x12, 0x12, 0x41, 0x29, 0xBD, 0xC9,
    0x01, 0x22, 0x10, 0x89, 0x18, 0x9A, 0xDB, 0x85, 0x31, 0x30, 0x8D, 0xAA,
    0x2A, 0xA0, 0x06, 0x22, 0x81, 0x9F, 0x90, 0xA0, 0x28, 0x33, 0x09, 0xCA,
    0xAB, 0x43, 0x36, 0x00, 0x90, 0xC9, 0xBE, 0x0B, 0x84, 0x21, 0x13, 0x30,
    0x80, 0xD8, 0x8B, 0xAA, 0xA9, 0x31, 0x83, 0xA0, 0x40, 0x33, 0x9B, 0x28,
    0x98, 0x99, 0x0A, 0x91, 0x90, 0x80, 0x10, 0x02, 0x10, 0x81, 0x00, 0x99,
    0x9B, 0x98, 0x08, 0x81, 0x11, 0x00, 0x08, 0x88, 0x08, 0x80, 0x80, 0x00,
    0x00, 0x00, 0x00, 0x00, 0x7F, 0x00, 0x80, 0x80, 0x80, 0x80, 0x80, 0x80,
    0x80, 0x80, 0x80, 0x88, 0x08, 0x08, 0x08, 0x00, 0x80, 0x08, 0x08, 0x08,
    0x88, 0x08, 0x00, 0x80, 0x08, 0x80, 0x80, 0x88, 0x08, 0x00, 0x00, 0x80,
    0x89, 0x89, 0x98, 0x90, 0x01, 0x33, 0x32, 0x08, 0xAA, 0xBA, 0x99, 0x08,
    0x01, 0x21, 0x08, 0x8A, 0x99, 0x90, 0x13, 0x44, 0x21, 0x9B, 0xDD, 0xBB,
    0xA0, 0x03, 0x44, 0x43, 0x33, 0x8A, 0xCC, 0xBA, 0x88, 0x81, 0x33, 0x31,
    0xAE, 0xCB, 0xB8, 0x26, 0x54, 0x21, 0x8A, 0xBB, 0xBA, 0xBC, 0xBB, 0xB1,
    0x47, 0x63, 0x31, 0x1A, 0xCC, 0xBB, 0xA9, 0x80, 0x23, 0x64, 0x33, 0x19,
    0xAD, 0xBB, 0xAA, 0xA0, 0x01, 0x34, 0x45, 0x41, 0x20, 0x9C, 0xBC, 0xBA,
    0x99, 0x00, 0x14, 0x44, 0x34, 0x11, 0x8B, 0xDC, 0xBA, 0xA9, 0x83, 0x54,
    0x42, 0x18, 0x9A, 0xBC, 0xA9, 0x80, 0x80, 0x83, 0x54, 0x33, 0x18, 0xAF,
    0x7F, 0xBC, 0xA9, 0x02, 0x24, 0x34, 0x32, 0x0B, 0xDE, 0xAA, 0x88, 0x13,
    0x34, 0x33, 0x10, 0x8C, 0xCC, 0xCA, 0xA8, 0x02, 0x44, 0x42, 0x21, 0x09,
    0xAB, 0xEB, 0xCB, 0x90, 0x23, 0x53, 0x23, 0x31, 0x0A, 0xCD, 0xBC, 0xB9,
    0x01, 0x44, 0x22, 0x00, 0x98, 0x91, 0x8A, 0xEB, 0xB8, 0x11, 0x21, 0x18,
    0x54, 0x22, 0x22, 0x08, 0xDF, 0xCA, 0x90, 0x12, 0x18, 0x80, 0x24, 0x53,
    0x30, 0x9D, 0xAA, 0xBB, 0xBD, 0x99, 0x04, 0x74, 0x20, 0x98, 0x98, 0x98,
    0xBA, 0x90, 0x9B, 0xEA, 0x17, 0x52, 0x08, 0xBA, 0x90, 0x21, 0x00, 0x98,
    0xBF, 0xBA, 0x86, 0x51, 0x88, 0xAA, 0x04, 0x31, 0x8B, 0xA9, 0xDC, 0x99,
    0x94, 0x52, 0x11, 0x89, 0x82, 0x28, 0xBC, 0xBA, 0xEC, 0x99, 0x15, 0x62,
    0x10, 0x9B, 0x90, 0x00, 0x9A, 0x99, 0xDB, 0x90, 0x27, 0x71, 0x08, 0x9B,
    0x90, 0x10, 0x89, 0x98, 0xBC, 0x81, 0x27, 0x51, 0x7F, 0x09, 0xAB, 0x91,
    0x10, 0x8A, 0x99, 0xDA, 0x81, 0x47, 0x32, 0x0A, 0xBC, 0x91, 0x11, 0x99,
    0xCA, 0xBB, 0x12, 0x77, 0x21, 0x8A, 0xBB, 0x91, 0x41, 0x8A, 0xAC, 0xC8,
    0x02, 0x64, 0x21, 0x9B, 0xC9, 0x82, 0x20, 0x9B, 0xBD, 0xA0, 0x15, 0x44,
    0x20, 0xAB, 0xB9, 0x13, 0x18, 0xEC, 0xB9, 0x81, 0x53, 0x44, 0x18, 0xBA,
    0xBA, 0x21, 0x09, 0xDC, 0xB8, 0x14, 0x53, 0x33, 0x0B, 0xDA, 0xB9, 0x10,
    0x0A, 0xCA, 0x91, 0x46, 0x33, 0x32, 0xAE, 0xBB, 0x98, 0x12, 0x89, 0xBB,
    0x01, 0x75, 0x32, 0x28, 0xCC, 0xBA, 0x90, 0x21, 0x0A, 0xA8, 0x15, 0x53,
    0x32, 0x0B, 0xEC, 0xA9, 0x81, 0x11, 0x0A, 0x80, 0x26, 0x43, 0x21, 0xAD,
    0xCB, 0xB8, 0x82, 0x31, 0x08, 0x02, 0x35, 0x43, 0x18, 0xBF, 0xCA, 0xA8,
    0x11, 0x21, 0x00, 0x33, 0x36, 0x21, 0x8B, 0xDD, 0xBC, 0x88, 0x22, 0x22,
    0x12, 0x11, 0x42, 0x20, 0x7F, 0xBE, 0xCD, 0xB9, 0x81, 0x33, 0x33, 0x10,
    0x12, 0x33, 0x19, 0xFD, 0xDB, 0xA9, 0x13, 0x34, 0x32, 0x01, 0x10, 0x00,
    0x9B, 0xFE, 0xBA, 0xA1, 0x34, 0x43, 0x10, 0x88, 0x90, 0x00, 0x8C, 0xEC,
    0xAB, 0x02, 0x36, 0x31, 0x10, 0x89, 0x89, 0x09, 0xAE, 0xBD, 0xA9, 0x14,
    0x44, 0x20, 0x09, 0x99, 0x80, 0x09, 0xBC, 0xEB, 0x98, 0x35, 0x43, 0x20,
    0x99, 0xAA, 0x98, 0x89, 0xAE, 0xBB, 0x82, 0x56, 0x32, 0x18, 0x9B, 0xAA,
    0x98, 0x89, 0xBE, 0xB9, 0x05, 0x63, 0x31, 0x8A, 0xBC, 0xA9, 0x00, 0x10,
    0x9C, 0xBA, 0x16, 0x53, 0x21, 0x9A, 0xCB, 0xA8, 0x02, 0x28, 0xAD, 0xB9,
    0x27, 0x43, 0x18, 0xAC, 0xC9, 0x81, 0x22, 0x18, 0xCB, 0xB9, 0x37, 0x42,
    0x18, 0xBC, 0xB9, 0x02, 0x22, 0x0A, 0xCB, 0xA1, 0x36, 0x34, 0x08, 0xAC,
    0xA9, 0x02, 0x20, 0xBC, 0xDA, 0x82, 0x54, 0x22, 0x08, 0xBA, 0xB8, 0x02,
    0x7F, 0x8B, 0xFC, 0xA8, 0x14, 0x53, 0x21, 0x09, 0xBC, 0xBA, 0x98, 0x10,
    0x88, 0x81, 0x44, 0x43, 0x21, 0x89, 0xDB, 0xEA, 0xA9, 0x02, 0x23, 0x42,
    0x34, 0x10, 0x9C, 0xCC, 0xBA, 0x81, 0x34, 0x22, 0x88, 0x90, 0x13, 0x30,
    0xBF, 0xCB, 0x99, 0x14, 0x34, 0x21, 0x09, 0xCA, 0xB9, 0x80, 0x21, 0x8A,
    0x99, 0x36, 0x42, 0x0A, 0xAB, 0xA0, 0x43, 0x20, 0xCB, 0xDB, 0x82, 0x43,
    0x48, 0xDC, 0xB9, 0x23, 0x63, 0x20, 0x89, 0xCB, 0xA9, 0x80, 0x08, 0x90,
    0x22, 0x53, 0x33, 0x01, 0x9B, 0xDC, 0xAC, 0x98, 0x01, 0x12, 0x35, 0x35,
    0x41, 0x8C, 0xBD, 0xB9, 0x81, 0x22, 0x21, 0x08, 0x11, 0x33, 0x41, 0xAD,
    0xEA, 0xB8, 0x14, 0x33, 0x20, 0xBE, 0xB8, 0x12, 0x43, 0x8B, 0xFA, 0x98,
    0x24, 0x41, 0x18, 0xAC, 0x98, 0x02, 0x20, 0x8C, 0xCB, 0x90, 0x45, 0x31,
    0x89, 0xAA, 0x91, 0x01, 0x0A, 0xAD, 0xC9, 0x13, 0x7F, 0x64, 0x30, 0xAA,
    0xCB, 0xA8, 0x23, 0x41, 0x0A, 0xAB, 0x88, 0x36, 0x28, 0xCA, 0xBB, 0x93,
    0x63, 0x31, 0x9B, 0xDA, 0x98, 0x25, 0x28, 0x98, 0xBC, 0x92, 0x42, 0x18,
    0x9C, 0xBA, 0x11, 0x45, 0x29, 0xAA, 0xBC, 0x02, 0x42, 0x10, 0xAB, 0xD8,
    0x00, 0x34, 0x29, 0x99, 0x98, 0x00, 0x20, 0x9A, 0x9A, 0x81, 0x11, 0x11,
    0x18, 0x80, 0x99, 0x80, 0x18, 0x9A, 0x89, 0x01, 0x21, 0x11, 0x09, 0x89,
    0xA9, 0x81, 0x30, 0x89, 0x8A, 0x98, 0x01, 0x32, 0x31, 0x8A, 0xCC, 0x90,
    0x20, 0x10, 0x08, 0x90, 0x01, 0x13, 0x20, 0xAA, 0xDB, 0x91, 0x12, 0x10,
    0x00, 0x80, 0x01, 0x01, 0x08, 0xA9, 0xA9, 0x00, 0x20, 0x80, 0x88, 0x80,
    0x01, 0x00, 0x08, 0x8A, 0x88, 0x81, 0x18, 0x88, 0x88, 0x00, 0x11, 0x08,
    0x88, 0x98, 0x80, 0x00, 0x08, 0x89, 0x88, 0x01, 0x10, 0x00, 0x08, 0x99,
    0x08, 0x08, 0x08, 0x88, 0x10, 0x08, 0x00, 0x10, 0x00, 0x88, 0x89, 0x08,
    0x80, 0x00, 0x80, 0x80, 0x80, 0x08, 0x08, 0x08, 0x80, 0x00, 0x00, 0x00,
    0x00, 0x00, 0x00, 0x00, 0x00, 0x00, 0x00, 0x00, 0x00, 0x00, 0x00, 0x00,
    0x7F, 0x00, 0x80, 0x80, 0x80, 0x80, 0x80, 0x80, 0x80, 0x80, 0x80, 0x80,
    0x80, 0x80, 0x80, 0x80, 0x80, 0x80, 0x08, 0x08, 0x08, 0x08, 0x88, 0x88,
    0x88, 0x00, 0x08, 0x00, 0x08, 0x00, 0x00, 0x08, 0x88, 0x08, 0x00, 0x81,
    0x80, 0x08, 0x08, 0x98, 0x99, 0xAA, 0x90, 0x81, 0x21, 0x32, 0x02, 0x88,
    0x8A, 0x89, 0xA0, 0x21, 0x31, 0x99, 0xDA, 0x08, 0x63, 0x11, 0xDB, 0xCA,
    0x01, 0x33, 0x30, 0xA9, 0x83, 0x64, 0x08, 0xBE, 0xBA, 0x82, 0x53, 0x39,
    0xCE, 0xA9, 0x12, 0x34, 0x20, 0x9A, 0xBA, 0x22, 0x09, 0xB9, 0x32, 0x0B,
    0xD9, 0xA0, 0x35, 0x72, 0x19, 0xDB, 0x98, 0x02, 0x82, 0x91, 0x93, 0x73,
    0x20, 0xCE, 0xBA, 0x80, 0x34, 0x62, 0x0B, 0xFA, 0xA0, 0x42, 0x41, 0x09,
    0xAC, 0x98, 0x01, 0x89, 0x81, 0x31, 0x30, 0x1A, 0xBE, 0xA8, 0x20, 0x28,
    0x67, 0x12, 0xBF, 0xAB, 0x92, 0x15, 0x41, 0x18, 0x7F, 0xCA, 0xB9, 0x82,
    0x35, 0x08, 0xAC, 0x81, 0x23, 0x18, 0x09, 0xC9, 0xC0, 0x02, 0x4B, 0x01,
    0xB4, 0x0E, 0x00, 0x42, 0x19, 0xAE, 0x99, 0x91, 0x37, 0x28, 0x0B, 0xCB,
    0xB0, 0x27, 0x42, 0x89, 0xBD, 0x99, 0x03, 0x23, 0x3B, 0xAB, 0x94, 0x43,
    0xBF, 0x9A, 0x91, 0x33, 0x71, 0x0B, 0xC9, 0x09, 0x38, 0x02, 0x88, 0x29,
    0x24, 0xB0, 0xEC, 0x0A, 0x84, 0x15, 0x22, 0x9D, 0xAA, 0x90, 0x23, 0x33,
    0xC9, 0xF8, 0x02, 0x42, 0x98, 0xDA, 0x98, 0x24, 0x43, 0x9B, 0xEB, 0x81,
    0x35, 0x10, 0x8D, 0xB8, 0x03, 0x50, 0x09, 0xCA, 0x89, 0x42, 0x30, 0xAA,
    0x99, 0x43, 0x8B, 0xBE, 0xA0, 0x36, 0x20, 0x0C, 0xA9, 0x02, 0x81, 0x08,
    0x12, 0x0A, 0xE8, 0xA2, 0x42, 0x9D, 0x89, 0x95, 0x51, 0x0C, 0xCA, 0x93,
    0x61, 0x39, 0xDA, 0xA0, 0x33, 0x48, 0xBB, 0x88, 0x02, 0x38, 0x1B, 0x8C,
    0x38, 0x05, 0x84, 0xBD, 0x7F, 0xC9, 0x02, 0x52, 0x10, 0xCB, 0x91, 0x43,
    0x09, 0xEC, 0x92, 0x14, 0x20, 0x8B, 0x90, 0x99, 0x28, 0x21, 0xB1, 0xFB,
    0x23, 0x06, 0x2A, 0xBC, 0x99, 0x87, 0x28, 0x88, 0x11, 0xB9, 0x9C, 0x92,
    0x20, 0x51, 0x18, 0x88, 0xFC, 0x8A, 0x44, 0x33, 0x8E, 0xBB, 0x93, 0x53,
    0x09, 0xCC, 0x91, 0x36, 0x18, 0x9B, 0xBA, 0x13, 0x24, 0x18, 0xAA, 0xC9,
    0x15, 0x21, 0x9C, 0xCA, 0x82, 0x73, 0x10, 0xDB, 0xA8, 0x03, 0x42, 0x89,
    0x8A, 0x99, 0x81, 0x20, 0x1A, 0xB1, 0x82, 0x54, 0x30, 0xFC, 0xA0, 0x21,
    0x22, 0x1A, 0xDA, 0x24, 0x10, 0xAA, 0xE9, 0x01, 0x25, 0x28, 0xB8, 0xA8,
    0x09, 0x01, 0x00, 0xE3, 0x08, 0x03, 0x70, 0xCB, 0xC8, 0x12, 0x72, 0x9A,
    0xA8, 0x91, 0x32, 0x8A, 0xE1, 0x10, 0x01, 0x0B, 0xA2, 0x39, 0xFA, 0x80,
    0x73, 0x20, 0xEB, 0xA8, 0x33, 0x23, 0x9F, 0xA0, 0x22, 0x00, 0x8B, 0xAA,
    0x7F, 0x10, 0x83, 0x22, 0x72, 0xAB, 0xCC, 0x93, 0x41, 0x8B, 0xC8, 0x54,
    0x28, 0xAE, 0xA8, 0x23, 0x21, 0xCC, 0x81, 0x34, 0x09, 0xC9, 0xB8, 0x32,
    0x10, 0x81, 0x35, 0x9D, 0xA8, 0xB8, 0x61, 0x08, 0xC9, 0x05, 0x31, 0x9A,
    0xCC, 0x91, 0x43, 0x89, 0x98, 0x08, 0x23, 0x8A, 0x9E, 0xC8, 0x00, 0x44,
    0x24, 0x1B, 0xEB, 0x99, 0x03, 0x45, 0x1B, 0x98, 0xBB, 0x17, 0x3A, 0x98,
    0x9B, 0x83, 0x51, 0x8B, 0x88, 0x02, 0x43, 0xFD, 0x91, 0x13, 0x22, 0x0C,
    0xC8, 0x18, 0x92, 0x2A, 0xC1, 0x71, 0xAA, 0x08, 0x08, 0x21, 0x8C, 0xC0,
    0x24, 0x18, 0xAA, 0xA0, 0x16, 0x20, 0xAD, 0xB9, 0x31, 0x43, 0x18, 0xBE,
    0x91, 0x12, 0x89, 0xAB, 0x81, 0x46, 0x28, 0xAC, 0xA8, 0x12, 0x28, 0xCA,
    0x85, 0x20, 0x20, 0xCE, 0x92, 0x21, 0x18, 0xCA, 0x98, 0x43, 0x12, 0x9E,
    0xB1, 0x39, 0xA3, 0x58, 0xB8, 0x18, 0xAD, 0x05, 0x7F, 0x19, 0x81, 0x8C,
    0x13, 0x21, 0x0A, 0xFC, 0xA8, 0x36, 0x11, 0x19, 0xEA, 0x11, 0x10, 0x10,
    0xBF, 0x91, 0x32, 0x10, 0x0C, 0xC8, 0x12, 0x13, 0x1D, 0xBB, 0x02, 0x02,
    0x34, 0x0A, 0xB0, 0x0A, 0xA9, 0xA9, 0xA4, 0x79, 0x23, 0x18, 0xBA, 0x9E,
    0xB9, 0x26, 0x20, 0x12, 0x0B, 0xBA, 0xE0, 0x10, 0x1A, 0x93, 0x47, 0x00,
    0xAF, 0xB8, 0x02, 0x46, 0x18, 0x8C, 0xCA, 0x11, 0x31, 0x28, 0x8C, 0x90,
    0x21, 0x29, 0x8C, 0xB9, 0x04, 0x22, 0x8A, 0xD9, 0x11, 0x32, 0x48, 0xFA,
    0x90, 0x13, 0x14, 0x08, 0xAA, 0xAD, 0xB0, 0x23, 0x72, 0x09, 0xB9, 0x00,
    0x8C, 0x81, 0x20, 0x22, 0x12, 0xAE, 0xE9, 0x81, 0x01, 0x27, 0x10, 0x9B,
    0xAB, 0x90, 0x23, 0x50, 0x0A, 0x93, 0xAB, 0x04, 0x8D, 0xB1, 0x33, 0x34,
    0x0A, 0xFC, 0x92, 0x22, 0x20, 0xCA, 0xA9, 0x15, 0x50, 0x9A, 0xA8, 0x02,
    0x08, 0x9A, 0xA3, 0x63, 0x7F, 0x1B, 0xCA, 0x88, 0x01, 0x38, 0xA9, 0x73,
    0x1D, 0xAA, 0x89, 0x16, 0x20, 0x11, 0x9D, 0xC9, 0x12, 0x19, 0x11, 0x11,
    0x13, 0x9E, 0xBC, 0x82, 0x83, 0x08, 0x24, 0x49, 0xCC, 0x8A, 0x92, 0x52,
    0x30, 0xCA, 0x88, 0x11, 0x90, 0xDB, 0x12, 0x46, 0x09, 0x9B, 0x9B, 0x05,
    0x21, 0x1A, 0x1A, 0x8D, 0x8B, 0x19, 0x63, 0x29, 0x08, 0xCA, 0x88, 0x10,
    0x82, 0x12, 0x00, 0x1C, 0xBD, 0x89, 0x86, 0x30, 0x1B, 0x0C, 0x90, 0xA1,
    0x28, 0x20, 0x01, 0x90, 0xA8, 0x00, 0x01, 0x3B, 0xA0, 0x59, 0x90, 0x00,
    0xAB, 0x91, 0x20, 0x22, 0xA9, 0x99, 0x29, 0x03, 0x08, 0xAA, 0x08, 0x20,
    0x00, 0x99, 0x81, 0x09, 0x01, 0x1A, 0x91, 0x20, 0xBA, 0x90, 0x12, 0x11,
    0x9A, 0x90, 0x10, 0x08, 0x00, 0x02, 0x1A, 0xB8, 0x81, 0x01, 0x09, 0xA8,
    0x12, 0x10, 0x08, 0x8B, 0xA8, 0x01, 0x13, 0x98, 0x90, 0x80, 0x88, 0x08,
    0x7F, 0x09, 0x80, 0x81, 0x10, 0x98, 0x90, 0x80, 0x02, 0x19, 0xA9, 0x01,
    0x01, 0x09, 0x88, 0x91, 0x11, 0x88, 0x89, 0x91, 0x00, 0x00, 0x18, 0x88,
    0x8A, 0x81, 0x28, 0x88, 0x08, 0x90, 0x00, 0x08, 0x98, 0x80, 0x00, 0x20,
    0x8A, 0x99, 0x01, 0x00, 0x28, 0x99, 0x08, 0x01, 0x28, 0xA9, 0x08, 0x11,
    0x10, 0x9A, 0x89, 0x01, 0x01, 0x00, 0x89, 0x88, 0x08, 0x10, 0x00, 0x0A,
    0x89, 0x88, 0x01, 0x10, 0x09, 0x80, 0x90, 0x00, 0x8A, 0x98, 0x81, 0x33,
    0x10, 0xAB, 0xA9, 0x02, 0x21, 0x8A, 0x88, 0x01, 0x22, 0x8A, 0xCA, 0x81,
    0x24, 0x28, 0xAA, 0xB0, 0x01, 0x31, 0x9B, 0xA9, 0x01, 0x23, 0x09, 0xA9,
    0x99, 0x03, 0x20, 0x8A, 0x8A, 0x81, 0x22, 0x09, 0xA9, 0x80, 0x13, 0x09,
    0x99, 0x80, 0x11, 0x08, 0x80, 0x99, 0x08, 0x00, 0x00, 0x08, 0x88, 0x01,
    0x08, 0x89, 0x98, 0x01, 0x20, 0x89, 0x99, 0x00, 0x1C, 0x02, 0x08, 0x8A,
    0x80, 0x11, 0x88, 0x88, 0x00, 0x80, 0x88, 0x80, 0x00, 0x88, 0x08, 0x00,
    0x00, 0x88, 0x88, 0x80, 0x00, 0x08, 0x80, 0x80, 0x80, 0x80, 0x88, 0x00,
    0x80, 0x00, 0x00, 0x00, 0x7F, 0x00, 0x80, 0x88, 0x00, 0x80, 0x80, 0x80,
    0x80, 0x90, 0x08, 0x80, 0x00, 0x80, 0x1A, 0x95, 0x0D, 0x12, 0xA0, 0xAB,
    0x31, 0x82, 0x2A, 0x00, 0x0B, 0x84, 0xAB, 0x11, 0xD2, 0x98, 0x62, 0x8B,
    0x12, 0xBA, 0x51, 0xE1, 0x19, 0x8A, 0x87, 0xB0, 0x19, 0x81, 0xC8, 0x7A,
    0x11, 0xC2, 0x18, 0x88, 0x94, 0x1C, 0x19, 0xA1, 0x0B, 0x5A, 0x85, 0xB9,
    0x41, 0xF1, 0x2D, 0x2B, 0x41, 0xB0, 0x81, 0x13, 0xE1, 0x2D, 0x11, 0xC8,
    0x20, 0x21, 0xDF, 0x80, 0x42, 0x1C, 0x2C, 0x83, 0x1D, 0x00, 0xB5, 0x1D,
    0x11, 0x18, 0xB0, 0x81, 0x92, 0x93, 0xD8, 0x11, 0xC1, 0x09, 0x59, 0x09,
    0x94, 0x90, 0x1C, 0x94, 0x1B, 0x4A, 0x90, 0x20, 0xB0, 0x8D, 0x71, 0xB1,
    0x09, 0x02, 0xD2, 0x8A, 0x23, 0xF8, 0x28, 0x91, 0x98, 0x33, 0xFB, 0x48,
    0x88, 0x79, 0x90, 0x09, 0x1A, 0x02, 0x18, 0x92, 0xA3, 0xC3, 0xAD, 0x28,
    0x7F, 0x1D, 0x39, 0x08, 0x28, 0x10, 0xE2, 0x0D, 0x11, 0x00, 0xAC, 0x24,
    0x2C, 0x83, 0xBA, 0x94, 0x3F, 0x92, 0x82, 0x2B, 0x00, 0x01, 0x8D, 0x49,
    0x98, 0x3B, 0x9B, 0x53, 0xF1, 0x00, 0x81, 0x9C, 0x3A, 0x6B, 0x82, 0x3C,
    0xF4, 0x08, 0x1E, 0x23, 0xE9, 0x58, 0x90, 0x88, 0x92, 0x18, 0x1B, 0xA7,
    0x8C, 0x01, 0x80, 0x08, 0x00, 0x20, 0x9A, 0x92, 0x18, 0x48, 0x98, 0x90,
    0x9D, 0x3B, 0x83, 0x4C, 0x01, 0xA8, 0x09, 0x93, 0x11, 0x6A, 0xA7, 0xA5,
    0x1D, 0x0B, 0x00, 0x85, 0x09, 0x09, 0x9A, 0xA7, 0x08, 0x82, 0x8C, 0x4B,
    0x91, 0x12, 0x9A, 0x30, 0xE1, 0x5C, 0x82, 0x82, 0x8B, 0x28, 0xD2, 0x70,
    0xBC, 0x02, 0x80, 0x08, 0x10, 0x92, 0xE8, 0x49, 0x88, 0x3D, 0x81, 0x02,
    0x8C, 0x12, 0x08, 0xB0, 0x95, 0x82, 0x9A, 0xAA, 0x68, 0x93, 0x9D, 0x38,
    0x1E, 0x40, 0xB1, 0x82, 0xAA, 0x18, 0x22, 0xC4, 0x7F, 0x89, 0x0A, 0x0E,
    0x42, 0xAF, 0x13, 0x8C, 0xA5, 0xB5, 0x0A, 0x3B, 0x92, 0x10, 0x0C, 0x01,
    0x0F, 0x10, 0x40, 0x90, 0xB3, 0xAB, 0x95, 0x88, 0x1C, 0x91, 0x04, 0x82,
    0xA8, 0x09, 0xA2, 0x6B, 0xC1, 0x31, 0x99, 0x98, 0x51, 0xAA, 0x84, 0xD3,
    0xC8, 0x38, 0xA5, 0x98, 0x2B, 0x14, 0xF2, 0xC8, 0x2A, 0x38, 0x9D, 0x28,
    0x42, 0xB8, 0x3A, 0xB2, 0x80, 0x27, 0xAA, 0x01, 0xB3, 0x5A, 0xE2, 0x89,
    0x39, 0x3E, 0x83, 0xA2, 0x4A, 0xA8, 0x92, 0x3D, 0x02, 0x98, 0x90, 0x49,
    0xD4, 0xB3, 0x0C, 0x29, 0x89, 0x10, 0x8B, 0x23, 0x0B, 0x04, 0x68, 0xA0,
    0xF1, 0x29, 0x18, 0x03, 0x03, 0xFC, 0x3E, 0x11, 0x09, 0x28, 0x98, 0x12,
    0x8A, 0x00, 0xD1, 0x96, 0x99, 0x58, 0xF5, 0x8D, 0x12, 0xA8, 0x21, 0x98,
    0x1A, 0x01, 0xA9, 0x97, 0x8A, 0x02, 0x98, 0x18, 0x8D, 0x50, 0x90, 0x8A,
    0x29, 0x96, 0xA8, 0x01, 0x7F, 0x8A, 0x20, 0x0A, 0x3B, 0x11, 0xF5, 0x81,
    0xF9, 0x32, 0x0B, 0xC2, 0x11, 0x89, 0x20, 0xB8, 0xA8, 0x35, 0xE0, 0x92,
    0x2E, 0x02, 0x89, 0x20, 0x88, 0xA3, 0x9F, 0x13, 0x81, 0xA1, 0xD1, 0x20,
    0xF2, 0x08, 0x83, 0xC2, 0x0E, 0x21, 0x9A, 0x30, 0x08, 0xC2, 0x0C, 0x30,
    0xB1, 0x81, 0xA1, 0x49, 0x9B, 0x17, 0x0F, 0x93, 0x1A, 0x06, 0x9B, 0x3B,
    0x82, 0x89, 0x38, 0xA9, 0x38, 0x2D, 0x0A, 0x38, 0xB7, 0x8B, 0x14, 0x1C,
    0x7A, 0x80, 0x99, 0x29, 0x5B, 0x11, 0xC0, 0x94, 0x94, 0x9F, 0x03, 0x0B,
    0x02, 0xB3, 0x18, 0x90, 0xA0, 0x98, 0x78, 0xA9, 0x97, 0x9A, 0x11, 0xC0,
    0x28, 0x91, 0x6A, 0x92, 0x2D, 0x19, 0x18, 0x3C, 0x93, 0x89, 0x95, 0xBB,
    0x70, 0xA2, 0x0E, 0x83, 0x09, 0x11, 0xB2, 0x00, 0xD2, 0x10, 0xE0, 0x83,
    0x89, 0x98, 0x12, 0xC1, 0x04, 0xCA, 0x07, 0x99, 0x18, 0x9A, 0x11, 0x25,
    0x7F, 0x99, 0x89, 0x07, 0xA0, 0x08, 0x98, 0x1A, 0x19, 0x92, 0x2B, 0xE4,
    0x1A, 0x2D, 0x11, 0x0B, 0x4A, 0x49, 0x80, 0x13, 0xC9, 0xB8, 0x32, 0xAF,
    0x13, 0xC4, 0xB1, 0x80, 0x3A, 0x0D, 0x29, 0x3A, 0x92, 0x00, 0x3F, 0x38,
    0xA8, 0x00, 0xC3, 0xE2, 0x4A, 0x99, 0x58, 0x0C, 0x19, 0x21, 0x11, 0xF0,
    0x82, 0xC1, 0x03, 0xB8, 0x39, 0x0A, 0x83, 0x9B, 0xC7, 0x00, 0x8B, 0x99,
    0x7A, 0x38, 0x90, 0xB2, 0x93, 0x49, 0xE0, 0x28, 0x09, 0xC1, 0x03, 0x95,
    0xF1, 0x49, 0xAA, 0x18, 0x08, 0x69, 0xC2, 0x31, 0x91, 0xC1, 0xD2, 0xC4,
    0x90, 0x00, 0x1C, 0x88, 0x31, 0x90, 0xD4, 0x0C, 0x01, 0xA3, 0xD2, 0x38,
    0xAB, 0x6C, 0x14, 0x99, 0x00, 0x1A, 0x40, 0xF8, 0xA0, 0x11, 0x39, 0xA0,
    0x3B, 0x01, 0x94, 0x8B, 0xB7, 0x91, 0x94, 0xA9, 0x1C, 0x49, 0x94, 0xA8,
    0x3C, 0x04, 0x93, 0x99, 0xD0, 0x7B, 0x08, 0xB4, 0x7F, 0x92, 0x1C, 0x03,
    0xA3, 0xBB, 0x19, 0x16, 0xC1, 0x01, 0xA0, 0x82, 0x85, 0x99, 0x00, 0xAB,
    0x4A, 0x1D, 0x12, 0x32, 0xDC, 0x34, 0x8A, 0xF1, 0x3B, 0x6A, 0x84, 0x98,
    0x98, 0x80, 0x92, 0xA8, 0x15, 0x8A, 0x04, 0xC9, 0x3A, 0x89, 0x05, 0x1B,
    0xA9, 0x04, 0x0C, 0x85, 0x98, 0x83, 0xF2, 0xA0, 0x31, 0x8C, 0x28, 0x09,
    0x91, 0xB4, 0xC1, 0x24, 0x8C, 0x8A, 0x7A, 0x20, 0x0A, 0x0A, 0x01, 0xB8,
    0x90, 0x32, 0x50, 0xC8, 0x90, 0x48, 0xF2, 0x10, 0x99, 0xB6, 0x09, 0x99,
    0x38, 0x34, 0xF1, 0x8C, 0x3A, 0x85, 0x0A, 0x2B, 0x08, 0x28, 0x90, 0x8B,
    0x45, 0xAB, 0x0A, 0x50, 0x09, 0x18, 0x4F, 0x81, 0x08, 0x88, 0x1A, 0x21,
    0xD1, 0x7B, 0x08, 0x82, 0x98, 0x29, 0x13, 0xF0, 0x0A, 0x3A, 0x28, 0x08,
    0x80, 0x1D, 0x1C, 0x22, 0x9B, 0x61, 0xD0, 0xA3, 0x20, 0xD1, 0x81, 0x28,
    0x1E, 0x84, 0xB8, 0x02, 0x7F, 0xB6, 0x99, 0x00, 0x02, 0xD0, 0x00, 0xA1,
    0x7C, 0x19, 0x29, 0x89, 0x48, 0x98, 0x84, 0x90, 0x29, 0xF8, 0x22, 0xA8,
    0x19, 0x01, 0xB3, 0xB0, 0x14, 0x3F, 0xA3, 0x8B, 0x40, 0x3B, 0x9A, 0x88,
    0x5B, 0x12, 0x89, 0x1C, 0x2B, 0x18, 0x55, 0x9A, 0xC3, 0x7E, 0x01, 0xA2,
    0x81, 0x0A, 0x28, 0x91, 0x1A, 0x4F, 0x10, 0xB0, 0x11, 0x2B, 0x95, 0x89,
    0x88, 0x3A, 0x81, 0xF2, 0xA2, 0x1B, 0x4C, 0x34, 0xC9, 0x80, 0x59, 0x91,
    0xBB, 0x05, 0x2A, 0xB7, 0x9B, 0x59, 0x00, 0x0B, 0x28, 0x80, 0x2B, 0x82,
    0x8F, 0x23, 0xB0, 0x49, 0xAC, 0x5A, 0x18, 0x28, 0xA0, 0x2B, 0x92, 0x8B,
    0x6F, 0x31, 0x99, 0x49, 0xB1, 0x92, 0xA2, 0x59, 0xC4, 0x0C, 0x10, 0x92,
    0x8C, 0x10, 0x9C, 0x34, 0xA1, 0x84, 0x88, 0x0C, 0x0B, 0x79, 0x92, 0x92,
    0x3C, 0x99, 0x09, 0x17, 0x81, 0xB9, 0x5B, 0x81, 0x1C, 0x03, 0x89, 0xA0,
    0x7F, 0x82, 0x1B, 0x19, 0x5B, 0x13, 0x4E, 0xA1, 0xA3, 0x82, 0xC1, 0xA1,
    0x42, 0xB9, 0x1B, 0x02, 0xC1, 0x6D, 0x91, 0x04, 0xB2, 0xC4, 0xB0, 0x4C,
    0x30, 0x0B, 0x50, 0x9D, 0x09, 0x4A, 0x12, 0xC0, 0x15, 0xC0, 0xA5, 0x8A,
    0x39, 0xB2, 0x88, 0x93, 0x0A, 0x1B, 0x28, 0x88, 0xB6, 0x81, 0xAA, 0x58,
    0x84, 0xC1, 0x1C, 0x82, 0x91, 0xA7, 0x9C, 0x20, 0x09, 0x98, 0x50, 0x8A,
    0x1C, 0x35, 0xC8, 0x10, 0xA0, 0x11, 0x98, 0x99, 0x3F, 0x07, 0x81, 0x9A,
    0x09, 0x80, 0x20, 0xB6, 0x8A, 0xA3, 0x08, 0x82, 0xA1, 0xAB, 0x5A, 0x81,
    0x3B, 0x7D, 0x93, 0x2B, 0x4A, 0x88, 0x96, 0x99, 0x18, 0x89, 0x04, 0xF2,
    0x81, 0x8A, 0x3A, 0x10, 0x80, 0x98, 0xA9, 0x89, 0x73, 0x91, 0xF8, 0x20,
    0x98, 0x49, 0x08, 0x99, 0x08, 0x10, 0x93, 0xA0, 0xAF, 0x78, 0x09, 0x2C,
    0xA5, 0xB0, 0x30, 0x09, 0x8E, 0x95, 0x81, 0x89, 0x7F, 0x01, 0x98, 0xA3,
    0x49, 0x8B, 0x02, 0xB1, 0x24, 0xE3, 0xB9, 0x79, 0xA8, 0x28, 0x8B, 0x61,
    0x8C, 0x3A, 0x03, 0xC8, 0x29, 0x29, 0xA2, 0xC3, 0x93, 0xE9, 0x6A, 0x00,
    0x0A, 0x22, 0x00, 0x2F, 0xC1, 0x20, 0x81, 0x0A, 0x2B, 0x81, 0x7B, 0x92,
    0x89, 0x28, 0x19, 0xE4, 0x90, 0xA4, 0xA0, 0x92, 0x01, 0xA8, 0x10, 0xF8,
    0x60, 0xB1, 0x88, 0xA4, 0xA9, 0x30, 0x8A, 0x03, 0xB9, 0x21, 0x8F, 0x2A,
    0x2D, 0x5C, 0x25, 0xC2, 0x99, 0x2A, 0x93, 0x1C, 0x80, 0x7A, 0xBA, 0x68,
    0x19, 0xA2, 0x2A, 0x84, 0x10, 0xB0, 0xB5, 0x8A, 0xB3, 0x22, 0x9C, 0x8A,
    0x86, 0x3C, 0x18, 0x3F, 0xD4, 0x02, 0x98, 0x81, 0xF8, 0x29, 0x01, 0x80,
    0x00, 0x98, 0x22, 0xAB, 0x80, 0xB3, 0x71, 0xC1, 0x01, 0xBA, 0x79, 0xC3,
    0xB3, 0x80, 0x28, 0xFA, 0x7C, 0x12, 0x01, 0x8C, 0x2A, 0x10, 0xF2, 0x08,
    0x1A, 0x21, 0xD1, 0x0B, 0x7F, 0x40, 0xA1, 0x19, 0xA3, 0xA1, 0x19, 0x90,
    0x2B, 0x12, 0xC3, 0x29, 0x09, 0xF8, 0x01, 0x19, 0x07, 0xA0, 0xA9, 0x3B,
    0xBA, 0x87, 0x19, 0x24, 0xF8, 0x21, 0x80, 0x90, 0x90, 0x8C, 0x49, 0x83,
    0x0A, 0x89, 0x31, 0xC9, 0x00, 0x7A, 0xA3, 0x2C, 0x11, 0xE1, 0x19, 0x21,
    0xC9, 0x02, 0x99, 0x59, 0x9B, 0x42, 0xBA, 0x4B, 0x13, 0xC1, 0x26, 0xE8,
    0x84, 0x91, 0xA3, 0xD4, 0x89, 0xAB, 0x43, 0x99, 0x49, 0xA1, 0x0F, 0x85,
    0x91, 0x90, 0x09, 0x0D, 0x39, 0x11, 0x0A, 0x10, 0x8B, 0x68, 0xA9, 0x11,
    0x3A, 0x90, 0x19, 0x2B, 0x13, 0x4F, 0x9B, 0x41, 0xB3, 0x12, 0xBE, 0x01,
    0x94, 0x19, 0x59, 0xAA, 0x01, 0xD0, 0x48, 0xAB, 0x79, 0x85, 0xA9, 0x09,
    0x28, 0xB4, 0x11, 0xB9, 0x2A, 0x22, 0xAF, 0xA4, 0x00, 0x93, 0xD3, 0x81,
    0x91, 0x8C, 0x97, 0xA8, 0x00, 0x10, 0x2F, 0x00, 0x18, 0x03, 0xFA, 0x49,
    0x7F, 0x83, 0xB8, 0x2A, 0x02, 0x81, 0xA2, 0xA3, 0xAB, 0xA4, 0x07, 0x99,
    0x80, 0xAA, 0x41, 0xE1, 0x5A, 0x38, 0xF1, 0x1A, 0x10, 0x88, 0x3B, 0x97,
    0xC1, 0x0C, 0x32, 0xD1, 0x3F, 0x03, 0x9A, 0x18, 0x09, 0x18, 0x10, 0x89,
    0xA2, 0x14, 0xC0, 0x83, 0xE8, 0x4A, 0xB2, 0x59, 0xA3, 0x81, 0xB3, 0xAA,
    0x7B, 0x00, 0x5C, 0x30, 0xD8, 0x97, 0x00, 0xAA, 0x20, 0xAA, 0x38, 0x3A,
    0xF3, 0x98, 0x31, 0x0B, 0xD3, 0xAB, 0x70, 0x81, 0x99, 0x90, 0x30, 0x89,
    0x8B, 0x50, 0x90, 0x02, 0xF9, 0x38, 0x1A, 0x24, 0x89, 0x9B, 0x3C, 0x20,
    0x9F, 0x28, 0x0C, 0x36, 0x80, 0xB4, 0xAE, 0x01, 0x00, 0x31, 0xA9, 0x99,
    0xA7, 0x89, 0x00, 0x1C, 0x30, 0xB8, 0x14, 0x9A, 0x82, 0xB3, 0xB0, 0x38,
    0xD2, 0x18, 0x40, 0x8F, 0x01, 0x29, 0xAD, 0x48, 0x29, 0xD3, 0x02, 0xF8,
    0x38, 0x88, 0x1B, 0x2B, 0x30, 0x08, 0x88, 0x6B, 0x7F, 0xF2, 0x2B, 0x08,
    0x06, 0xB2, 0x2E, 0xA3, 0x10, 0xB0, 0x12, 0x1B, 0x80, 0x0A, 0x09, 0x79,
    0xA4, 0x8C, 0x03, 0xA9, 0x58, 0xB0, 0x01, 0x2F, 0x00, 0x0A, 0x49, 0x08,
    0x12, 0xA0, 0x8D, 0x28, 0x00, 0x8A, 0x38, 0xA3, 0x08, 0xE2, 0x81, 0x9C,
    0x86, 0x80, 0x92, 0x90, 0x92, 0xA8, 0xF6, 0x90, 0x89, 0x2B, 0x30, 0xD2,
    0x09, 0x88, 0x31, 0x90, 0x93, 0xB8, 0x84, 0x87, 0xF0, 0x3A, 0xA3, 0x0C,
    0x2C, 0x12, 0xC6, 0x99, 0x10, 0xA1, 0x1C, 0x04, 0x0D, 0x39, 0x89, 0x09,
    0x32, 0x8F, 0xA5, 0x18, 0x99, 0x21, 0x9A, 0x22, 0x1F, 0x04, 0x8B, 0xAA,
    0x79, 0x29, 0x92, 0x09, 0x89, 0x04, 0x9B, 0x05, 0x98, 0x8A, 0x92, 0x59,
    0x1B, 0x2C, 0x48, 0xB4, 0xAB, 0x40, 0x08, 0x99, 0x6D, 0x12, 0x89, 0x81,
    0x0B, 0x04, 0x9B, 0x02, 0x2F, 0x30, 0xB1, 0x80, 0x83, 0xD2, 0x19, 0x18,
    0x3B, 0x90, 0xF7, 0x8A, 0x7F, 0x2B, 0x9A, 0x46, 0x8B, 0xB4, 0x11, 0xB1,
    0x98, 0x93, 0xA1, 0x1C, 0x80, 0x13, 0x49, 0xE8, 0x02, 0x1A, 0x84, 0xF2,
    0x93, 0xA9, 0x2B, 0x83, 0x19, 0x0D, 0x23, 0xB0, 0x23, 0xDC, 0x2A, 0x5A,
    0x1A, 0x8A, 0x42, 0x0A, 0x1C, 0x49, 0x89, 0x23, 0x81, 0xBB, 0x1A, 0x7B,
    0x92, 0x02, 0xE1, 0xA7, 0x8A, 0x29, 0x19, 0x18, 0xC8, 0x20, 0x84, 0x8F,
    0x28, 0xB6, 0x89, 0x83, 0xA9, 0x02, 0xF3, 0x90, 0x98, 0x52, 0xB8, 0x0B,
    0x19, 0x48, 0xB8, 0x20, 0x7A, 0xB0, 0x78, 0x95, 0x99, 0xC4, 0x88, 0x8C,
    0x13, 0xC0, 0x29, 0x93, 0x1B, 0x05, 0x98, 0x98, 0x94, 0xB9, 0x10, 0x09,
    0x5C, 0x48, 0x1B, 0x2A, 0x00, 0x94, 0xBB, 0x20, 0x81, 0xB5, 0x92, 0xA4,
    0xAD, 0x70, 0xE2, 0x09, 0x81, 0x80, 0x91, 0x83, 0xA8, 0x3A, 0x9D, 0x32,
    0xAA, 0x49, 0x08, 0x99, 0x94, 0xA8, 0x90, 0xB7, 0x48, 0x90, 0x99, 0x10,
    0x7F, 0xAA, 0x21, 0xF2, 0x18, 0x99, 0x51, 0x8C, 0x83, 0xAA, 0x23, 0x9B,
    0xA7, 0x91, 0x08, 0x98, 0x38, 0xC0, 0x92, 0x03, 0x6B, 0x2E, 0x09, 0x01,
    0x09, 0x0A, 0x59, 0x80, 0x99, 0x40, 0xA8, 0x4A, 0x40, 0xF3, 0x81, 0x90,
    0x0E, 0x18, 0x18, 0xA2, 0x18, 0xB2, 0xAB, 0x23, 0x5B, 0xA2, 0x7B, 0xC4,
    0x1A, 0x0E, 0x02, 0x48, 0xB8, 0x80, 0x81, 0x38, 0x0C, 0x31, 0xF9, 0x22,
    0x9B, 0x44, 0xD0, 0x00, 0x98, 0x83, 0x2C, 0x80, 0x3F, 0x11, 0x0A, 0xA2,
    0x19, 0x81, 0xA1, 0xA7, 0x81, 0x90, 0x0B, 0x0A, 0x97, 0x0B, 0x32, 0xD0,
    0x08, 0x98, 0x28, 0x2B, 0x11, 0xF1, 0x18, 0xA1, 0x20, 0xC0, 0x69, 0xB8,
    0x33, 0xE2, 0x81, 0x80, 0x9F, 0x10, 0x3A, 0x3B, 0x29, 0x1C, 0x10, 0x80,
    0x08, 0x01, 0xE1, 0xA5, 0x99, 0x20, 0xB2, 0xC9, 0x37, 0xA9, 0x14, 0xA0,
    0xB2, 0x91, 0x14, 0xA8, 0xB4, 0x8B, 0x20, 0xC9, 0x7F, 0x49, 0x9A, 0x4A,
    0x04, 0xAA, 0xB5, 0x18, 0xB8, 0x11, 0x08, 0x5A, 0xA1, 0x83, 0x8D, 0x82,
    0x08, 0x81, 0x2C, 0xA4, 0x9B, 0x11, 0x12, 0xB9, 0x21, 0x9B, 0x11, 0x90,
    0x04, 0xA9, 0x38, 0x90, 0x89, 0x91, 0xB4, 0x1A, 0x98, 0x22, 0xA9, 0x00,
    0x81, 0x11, 0xC9, 0x18, 0x19, 0x00, 0x00, 0x2C, 0x20, 0x80, 0x8A, 0xA3,
    0x19, 0xB0, 0x40, 0xB3, 0x00, 0xA2, 0x0E, 0x18, 0x3B, 0x29, 0x8E, 0x58,
    0x89, 0x19, 0x14, 0x8A, 0xC3, 0xC7, 0x82, 0xF1, 0xF3, 0x4A, 0x93, 0x9E,
    0x38, 0x1B, 0x94, 0x9A, 0x3B, 0x82, 0x3C, 0x29, 0x81, 0x04, 0xC0, 0x90,
    0x85, 0xA9, 0x83, 0x00, 0xB8, 0x80, 0x98, 0x31, 0xE8, 0x50, 0x8A, 0x09,
    0x29, 0x00, 0x04, 0xA9, 0x83, 0xC8, 0x91, 0x0F, 0x06, 0x90, 0x1B, 0x48,
    0x8A, 0x08, 0x10, 0xB3, 0x09, 0x83, 0xE2, 0x99, 0x00, 0x19, 0xA7, 0x89,
    0xA4, 0x88, 0x89, 0x18, 0x23, 0x29, 0x8A, 0x02, 0x80, 0x9B, 0x59, 0x19,
    0x88, 0x90, 0x38, 0xB3, 0xA0, 0x80, 0x00, 0x89, 0x01, 0x88, 0x2A, 0x00,
    0x88, 0x19, 0x08, 0x00, 0x90, 0x80, 0x08, 0x08, 0x00, 0x80, 0x80, 0x80,
    0x80, 0x80, 0x80, 0x80, 0x00, 0x00, 0x00, 0x00, 0x00, 0x00, 0x00, 0x00,
    0x00, 0x00, 0x00, 0x00, 0x7F, 0x00, 0x80, 0x80, 0x80, 0x80, 0x80, 0x80,
    0x88, 0x08, 0x00, 0x80, 0x80, 0x80, 0x80, 0x80, 0x08, 0x80, 0x08, 0x08,
    0x08, 0x08, 0x00, 0x88, 0x18, 0x08, 0x80, 0x09, 0x10, 0x88, 0x00, 0x88,
    0x08, 0x00, 0x91, 0x98, 0x00, 0x91, 0x90, 0x08, 0x09, 0x19, 0x08, 0x08,
    0x88, 0x00, 0x88, 0x90, 0x3C, 0x2A, 0x00, 0x90, 0x86, 0x0E, 0x01, 0x0A,
    0x13, 0xBA, 0x12, 0x88, 0x3A, 0xC4, 0xB7, 0x88, 0x00, 0x1F, 0x39, 0xB0,
    0x14, 0x9C, 0x02, 0x2C, 0x90, 0x82, 0x03, 0xC1, 0xF0, 0x59, 0x89, 0x38,
    0x92, 0x80, 0xC1, 0x02, 0x1A, 0x97, 0xA3, 0xA2, 0xF1, 0x28, 0x80, 0x10,
    0xA1, 0x3F, 0xB0, 0x49, 0xA3, 0xAB, 0x97, 0x99, 0x2B, 0x15, 0xD2, 0x98,
    0x1A, 0x28, 0xE2, 0x2C, 0x00, 0x82, 0x0C, 0x2C, 0x85, 0x90, 0x81, 0x01,
    0xC1, 0x02, 0x84, 0x2A, 0xB4, 0x2D, 0x19, 0x06, 0x0D, 0x28, 0x09, 0x28,
    0x7F, 0x1A, 0x2C, 0x14, 0xBC, 0x78, 0xA9, 0x12, 0x08, 0xB8, 0x2B, 0x11,
    0xC0, 0x89, 0x11, 0x9B, 0xF3, 0xB1, 0xF2, 0xA1, 0xB1, 0xA1, 0xA4, 0xC8,
    0x25, 0xC1, 0x94, 0xB2, 0x08, 0xA6, 0xB8, 0x20, 0x80, 0xC6, 0x89, 0x21,
    0x89, 0x24, 0xAA, 0xA3, 0x33, 0x89, 0xE5, 0x2E, 0x02, 0x88, 0x81, 0x29,
    0x0D, 0x51, 0xA0, 0x2C, 0x30, 0xB8, 0x88, 0x3D, 0x1A, 0x6A, 0x80, 0x90,
    0x4B, 0x09, 0x10, 0x0E, 0x3A, 0x29, 0xB9, 0x40, 0x2A, 0xE0, 0x5B, 0x08,
    0x89, 0x00, 0x58, 0xE0, 0x08, 0x89, 0x86, 0xC1, 0x09, 0x2B, 0x29, 0x09,
    0x00, 0x82, 0xD0, 0x05, 0x8D, 0x85, 0xA8, 0x00, 0x0B, 0x38, 0x08, 0x11,
    0xD8, 0x31, 0x8F, 0x21, 0x8B, 0x10, 0x18, 0x98, 0x35, 0xF1, 0x81, 0xA5,
    0xC2, 0x01, 0x8D, 0x48, 0xE3, 0x93, 0x99, 0x02, 0xC2, 0x81, 0x93, 0x2C,
    0x88, 0x5B, 0x19, 0x8C, 0x68, 0x01, 0xA0, 0x1B, 0x7F, 0x49, 0xA7, 0x99,
    0x20, 0xA2, 0xA7, 0xD0, 0x19, 0x39, 0x92, 0xC2, 0xA0, 0x12, 0x92, 0xC0,
    0xA5, 0xC0, 0x5B, 0x2C, 0x01, 0x2B, 0x01, 0x1A, 0xA9, 0x40, 0x9A, 0x69,
    0x0C, 0x96, 0xA1, 0xB3, 0xA1, 0xA4, 0x90, 0x80, 0xF1, 0x88, 0x94, 0x93,
    0xB5, 0xA8, 0xA2, 0x0F, 0x12, 0x8A, 0x01, 0x09, 0x83, 0xB2, 0x3A, 0xA8,
    0x6A, 0x2C, 0xAA, 0x49, 0xB0, 0x7A, 0x6A, 0x38, 0x8A, 0x81, 0x1A, 0x02,
    0x9E, 0x94, 0x88, 0xA7, 0x09, 0xB7, 0x0B, 0x11, 0x99, 0x13, 0xE0, 0x00,
    0x0C, 0x38, 0x09, 0x09, 0x39, 0xA9, 0x19, 0x59, 0xC3, 0x41, 0xC1, 0x4E,
    0x11, 0x8C, 0x38, 0x1A, 0x09, 0x3A, 0x04, 0xE2, 0x88, 0x88, 0x84, 0x0B,
    0x93, 0x19, 0x09, 0x88, 0xB5, 0xD3, 0x81, 0x9D, 0x14, 0x80, 0xF1, 0x4B,
    0x08, 0x08, 0xB1, 0x5A, 0x20, 0xA8, 0x19, 0x59, 0x9D, 0x31, 0x09, 0xAF,
    0x34, 0xA9, 0x18, 0x90, 0x7F, 0x01, 0xD3, 0xC3, 0x81, 0xC0, 0x68, 0x9A,
    0x03, 0x8D, 0x18, 0x00, 0x3A, 0x98, 0x3B, 0x22, 0x99, 0xE3, 0x2D, 0xB7,
    0x1C, 0x03, 0xC1, 0xA0, 0x22, 0xA8, 0x90, 0x38, 0xD4, 0x98, 0x88, 0x01,
    0x9B, 0x49, 0x6B, 0x08, 0x0B, 0x79, 0x99, 0x59, 0x88, 0x00, 0x81, 0x2F,
    0x11, 0x0A, 0xA3, 0x92, 0x96, 0xC0, 0x18, 0x99, 0x83, 0x5D, 0x01, 0x1B,
    0x08, 0x39, 0x0B, 0x23, 0xDB, 0x7B, 0x02, 0x80, 0x4D, 0x09, 0x18, 0x2A,
    0x39, 0xE4, 0x0A, 0x01, 0x80, 0xAB, 0x61, 0xB3, 0x08, 0x9B, 0x09, 0x7B,
    0x4B, 0x28, 0x08, 0x91, 0x00, 0xA8, 0x7A, 0x88, 0x4E, 0x40, 0xA8, 0x12,
    0xC8, 0x20, 0x99, 0x3B, 0x98, 0x30, 0xF0, 0x7B, 0x81, 0x2A, 0xB3, 0x81,
    0x03, 0x9F, 0x83, 0x1A, 0x95, 0xBA, 0x49, 0x20, 0x0C, 0x11, 0x19, 0xD2,
    0x01, 0xB3, 0x81, 0xA9, 0x4F, 0x2A, 0x48, 0xB2, 0x99, 0x80, 0x10, 0xF4,
    0x7F, 0x89, 0x3F, 0x3A, 0x10, 0x0A, 0x82, 0x9A, 0x2A, 0xB3, 0x7B, 0x18,
    0x29, 0x2D, 0x1A, 0x23, 0x1E, 0x82, 0x2B, 0x19, 0x3F, 0x18, 0x81, 0xA4,
    0xD4, 0xB1, 0x08, 0x09, 0x28, 0xA3, 0x09, 0x9A, 0x38, 0xB9, 0x78, 0x8B,
    0x69, 0x91, 0x84, 0xAA, 0x01, 0x80, 0x5C, 0x3B, 0x49, 0xA3, 0xC9, 0x78,
    0xB1, 0x38, 0xB3, 0x3D, 0x00, 0x80, 0x5F, 0x39, 0x09, 0x81, 0x1A, 0xE3,
    0x00, 0x1D, 0x84, 0x90, 0x98, 0x0B, 0x51, 0x8B, 0x2C, 0x14, 0x90, 0x8A,
    0x3D, 0x19, 0x01, 0x18, 0x28, 0xC3, 0x2A, 0xF3, 0xC8, 0x18, 0x1A, 0x13,
    0x90, 0x8F, 0x30, 0x3D, 0xA3, 0x88, 0x93, 0xF6, 0xA1, 0x91, 0xB8, 0x08,
    0x29, 0x78, 0x98, 0x2C, 0x3B, 0x10, 0x59, 0x8B, 0x18, 0x02, 0xC8, 0x83,
    0x83, 0xB0, 0x1D, 0x03, 0x2D, 0x80, 0x8A, 0xE6, 0x11, 0x98, 0x8C, 0x18,
    0x03, 0xD4, 0xA0, 0x81, 0x82, 0xE4, 0xA1, 0x89, 0x7F, 0x83, 0xD1, 0x01,
    0x0A, 0x80, 0x7D, 0x83, 0x89, 0x18, 0x88, 0xB8, 0x68, 0x1A, 0x80, 0x12,
    0xF0, 0x20, 0x9B, 0x3F, 0x28, 0x29, 0x82, 0xB3, 0x2F, 0x2A, 0x08, 0x31,
    0xBD, 0x68, 0x98, 0x19, 0x39, 0x99, 0x82, 0x29, 0x4C, 0x9A, 0x13, 0x1C,
    0x3A, 0xA7, 0x0A, 0xF3, 0x92, 0x98, 0x1C, 0x3A, 0x4B, 0x28, 0xA4, 0x2B,
    0x91, 0xA4, 0xA9, 0x88, 0xA7, 0xB3, 0x99, 0x2C, 0x22, 0xD2, 0x92, 0x04,
    0xA3, 0xB8, 0xA9, 0xA3, 0x22, 0x83, 0xF3, 0xCA, 0x79, 0x2D, 0x18, 0x09,
    0x10, 0xB4, 0x1B, 0x20, 0xD2, 0x90, 0x4B, 0x10, 0x2C, 0x8B, 0x97, 0x81,
    0x99, 0x30, 0x9C, 0xA4, 0x89, 0x12, 0xAA, 0x79, 0x01, 0x18, 0x0C, 0xC7,
    0xA8, 0x18, 0x83, 0xAA, 0x22, 0xB3, 0x0A, 0x3F, 0x93, 0x91, 0x09, 0x0A,
    0x07, 0xD2, 0xA1, 0x88, 0x29, 0x81, 0x29, 0xAD, 0x48, 0x6B, 0x00, 0x91,
    0x0D, 0x28, 0x81, 0x80, 0x7F, 0xA6, 0x90, 0xC2, 0x1D, 0x79, 0x98, 0x2A,
    0x38, 0x89, 0x10, 0xA0, 0xB7, 0xB0, 0x28, 0x1C, 0x85, 0x9A, 0x39, 0xA3,
    0x82, 0x1F, 0x0A, 0x5A, 0x08, 0x84, 0xA9, 0x28, 0x81, 0xC2, 0x12, 0xBE,
    0x31, 0x0B, 0x10, 0xE1, 0x10, 0x2B, 0x08, 0x82, 0xC5, 0xD4, 0x0A, 0x89,
    0x22, 0xD0, 0x2A, 0x7A, 0x09, 0x82, 0x90, 0x8B, 0x50, 0x90, 0x99, 0x04,
    0xA2, 0x99, 0x29, 0x99, 0xA7, 0x92, 0xB4, 0x92, 0x8F, 0x2A, 0x12, 0xB1,
    0x0B, 0x7A, 0x2C, 0x10, 0xA1, 0x21, 0xA0, 0x99, 0x09, 0x79, 0x1B, 0x6B,
    0x89, 0x30, 0x08, 0x83, 0xE2, 0xF2, 0x1A, 0x01, 0x91, 0x09, 0x98, 0x49,
    0x1A, 0xB8, 0x70, 0x18, 0x9D, 0x32, 0xA9, 0x19, 0x0F, 0x30, 0x08, 0x1B,
    0x09, 0x3F, 0x39, 0x10, 0x81, 0xF0, 0x93, 0x85, 0xB0, 0xB4, 0xC1, 0x00,
    0x1A, 0x80, 0x94, 0x91, 0x9C, 0x70, 0x99, 0x18, 0x1D, 0x3A, 0x3C, 0x20,
    0x7F, 0x1B, 0x38, 0x0E, 0x09, 0x69, 0x09, 0x2A, 0x09, 0x03, 0x8B, 0x2E,
    0x5A, 0x28, 0x8A, 0x81, 0x82, 0x81, 0x10, 0x2F, 0x19, 0xC1, 0x01, 0x29,
    0x2A, 0x2F, 0x93, 0xB2, 0x93, 0x59, 0x8C, 0x01, 0xB7, 0xA3, 0xA8, 0x1B,
    0x30, 0x8F, 0x05, 0x89, 0x8A, 0x6A, 0x1B, 0x49, 0x0A, 0x2A, 0x10, 0x0A,
    0x38, 0x03, 0xE8, 0xB8, 0x63, 0x0D, 0x00, 0xA2, 0x08, 0x01, 0x9D, 0x32,
    0xC8, 0x30, 0x91, 0xBB, 0x36, 0xAC, 0x38, 0x89, 0x28, 0x6F, 0x19, 0x81,
    0x5C, 0x29, 0x81, 0x88, 0x08, 0x4C, 0x10, 0xB1, 0x00, 0x00, 0x93, 0xB9,
    0xE2, 0x3D, 0x3A, 0x30, 0x9B, 0xA1, 0x5A, 0x84, 0xB0, 0x68, 0xB9, 0x4B,
    0x22, 0x99, 0xD1, 0xC7, 0x0A, 0x80, 0x81, 0x00, 0xD4, 0x90, 0x81, 0xA1,
    0xD4, 0x91, 0x08, 0x90, 0x88, 0x3B, 0x16, 0x90, 0x99, 0x18, 0xC8, 0x28,
    0x11, 0xA9, 0x6B, 0x48, 0x09, 0xE1, 0x02, 0xD1, 0x7F, 0x00, 0x3B, 0xE3,
    0x1C, 0x21, 0xB5, 0xA0, 0x0B, 0x7A, 0x09, 0x1A, 0x31, 0xB3, 0xA2, 0xB2,
    0xA4, 0xB5, 0x9B, 0x39, 0x8B, 0x43, 0xD8, 0x91, 0x79, 0x8C, 0x28, 0x5A,
    0xB8, 0x58, 0x81, 0x3B, 0xAB, 0x78, 0xA1, 0x89, 0x10, 0x08, 0xA1, 0x2B,
    0x93, 0x7E, 0x18, 0x22, 0xB9, 0x0B, 0x50, 0x0A, 0xA8, 0x79, 0xA4, 0x92,
    0x9A, 0x02, 0x89, 0x87, 0x99, 0x3F, 0x18, 0x4B, 0x80, 0x19, 0x09, 0x3C,
    0x3A, 0x1B, 0x3A, 0xC2, 0x30, 0x4E, 0xA1, 0x12, 0x9C, 0x16, 0xA8, 0x91,
    0x08, 0x87, 0xB9, 0x4A, 0x3A, 0x82, 0xB8, 0x19, 0x2A, 0x03, 0xB1, 0xA2,
    0x7F, 0x3A, 0x85, 0x99, 0x11, 0x98, 0x0E, 0x10, 0x2C, 0x01, 0x28, 0xA0,
    0xB3, 0x3E, 0x80, 0x36, 0xAB, 0x2C, 0x20, 0x2B, 0x6B, 0xC1, 0x38, 0x91,
    0x12, 0xC0, 0xE1, 0x20, 0x0A, 0x93, 0x98, 0xA1, 0x6C, 0x82, 0xA7, 0xC1,
    0x81, 0x1A, 0x0A, 0x28, 0x7F, 0x48, 0xB1, 0x9B, 0x17, 0x81, 0xF2, 0x22,
    0xFC, 0x78, 0xB4, 0xA1, 0x09, 0x91, 0x02, 0xAA, 0x95, 0x29, 0xB9, 0x23,
    0xA9, 0x08, 0xD0, 0x61, 0x9B, 0x03, 0x19, 0xA0, 0x0B, 0x31, 0x1A, 0xF1,
    0x23, 0xDA, 0x01, 0x90, 0xA4, 0x98, 0x89, 0x41, 0x0B, 0x04, 0x98, 0xC0,
    0x15, 0x8B, 0xB4, 0x08, 0x0B, 0x40, 0xA0, 0xF2, 0x15, 0xB2, 0x8B, 0x31,
    0x8A, 0x01, 0xA8, 0x2B, 0x80, 0x2E, 0x90, 0x70, 0xBA, 0x30, 0x7A, 0x09,
    0xB6, 0x89, 0x98, 0x29, 0x00, 0x92, 0xA1, 0x4A, 0x9B, 0x63, 0xA8, 0x2B,
    0x00, 0x21, 0xD0, 0x72, 0x9C, 0xB2, 0x84, 0x0A, 0x99, 0x23, 0xBF, 0x3A,
    0x5B, 0x93, 0x84, 0x9A, 0x84, 0x0D, 0x89, 0x70, 0xB0, 0x82, 0xA9, 0x89,
    0x87, 0x0D, 0x10, 0x82, 0x98, 0x81, 0x9D, 0x40, 0x00, 0xA9, 0x28, 0x7B,
    0xA5, 0xA0, 0x29, 0xA2, 0xC3, 0x2C, 0x81, 0x20, 0xCC, 0x33, 0xA0, 0xC1,
    0x7F, 0x83, 0x92, 0xCC, 0x7A, 0x10, 0x89, 0x21, 0xF4, 0x98, 0x00, 0x90,
    0x10, 0xB9, 0x15, 0x1C, 0xB6, 0x09, 0x89, 0x20, 0x8A, 0x49, 0x91, 0xC2,
    0x01, 0xB8, 0x13, 0x8F, 0x00, 0x84, 0xA0, 0x87, 0x9D, 0x00, 0x39, 0x00,
    0x4C, 0xB3, 0x09, 0xE1, 0x48, 0x08, 0x20, 0x0A, 0x2F, 0x93, 0xC4, 0x48,
    0xF9, 0x58, 0x9C, 0x21, 0x8B, 0x3B, 0x31, 0xD4, 0xA2, 0xA1, 0x3C, 0xA3,
    0x2A, 0x13, 0xD5, 0xE0, 0x20, 0xA0, 0x81, 0xA3, 0x93, 0xC1, 0x8D, 0x6A,
    0x1A, 0x12, 0x99, 0x09, 0x25, 0xBC, 0x30, 0xD2, 0x02, 0xC3, 0xA9, 0x10,
    0xA4, 0x2F, 0x00, 0xA3, 0x08, 0x1B, 0x10, 0xC1, 0x19, 0x3B, 0xA2, 0x48,
    0x00, 0xD0, 0x30, 0xC8, 0x00, 0x18, 0x08, 0x6B, 0x19, 0x2B, 0x4C, 0xA5,
    0x3D, 0x04, 0x8C, 0x03, 0x99, 0x8A, 0x40, 0x8B, 0x13, 0x1B, 0x80, 0x88,
    0x69, 0xC3, 0x11, 0xB3, 0xC3, 0x98, 0xF3, 0x09, 0x7F, 0x93, 0xA2, 0x0B,
    0xD5, 0x8B, 0x3B, 0x27, 0xAA, 0x86, 0xA8, 0x81, 0x08, 0x8A, 0x32, 0xA8,
    0xC6, 0xB0, 0x02, 0x0A, 0xC7, 0xA0, 0x88, 0x10, 0x8B, 0x78, 0xC0, 0x49,
    0xA8, 0x12, 0x1E, 0x01, 0x2C, 0x81, 0x81, 0x90, 0x91, 0x91, 0x97, 0x9B,
    0x30, 0xB1, 0x4B, 0x19, 0x2C, 0x13, 0x9E, 0x21, 0x90, 0x98, 0x7A, 0x88,
    0x18, 0x80, 0x82, 0x1D, 0x28, 0xD3, 0x81, 0x1A, 0xA2, 0x30, 0x94, 0xF1,
    0x89, 0x84, 0x2E, 0x18, 0x88, 0x28, 0xB1, 0x0A, 0x78, 0xA0, 0x10, 0xA8,
    0x03, 0xE8, 0x5A, 0x1B, 0x20, 0xA1, 0x20, 0x2F, 0x93, 0x88, 0x10, 0xC1,
    0x09, 0x12, 0xC0, 0x4A, 0xE5, 0x09, 0x98, 0x11, 0x0A, 0x93, 0x0B, 0xA6,
    0x1B, 0x88, 0x38, 0x02, 0xC0, 0xD6, 0x89, 0xA4, 0x2B, 0xB3, 0x04, 0xAE,
    0x23, 0x9C, 0x18, 0x3D, 0x11, 0xA1, 0x0C, 0x41, 0xD1, 0x80, 0x01, 0xB1,
    0x92, 0x1E, 0x28, 0xA5, 0x7F, 0x99, 0x10, 0x9A, 0x38, 0x4B, 0xA8, 0x0A,
    0x78, 0x0B, 0x21, 0x0B, 0xE5, 0x08, 0xA1, 0x83, 0x0F, 0x04, 0x98, 0x89,
    0x19, 0x6A, 0x80, 0x19, 0x00, 0x3D, 0x19, 0x11, 0x91, 0xE4, 0xA0, 0x82,
    0xB3, 0x0C, 0x12, 0xC1, 0x18, 0xB8, 0x79, 0x00, 0xE3, 0x3C, 0xA1, 0x29,
    0x98, 0x32, 0xC9, 0x22, 0xA9, 0x09, 0x29, 0x38, 0x1F, 0xA7, 0x98, 0x28,
    0xA2, 0xB8, 0x34, 0xF0, 0x02, 0x98, 0xB3, 0x09, 0x83, 0x0E, 0x01, 0xC5,
    0x99, 0x2A, 0x02, 0x0A, 0xA3, 0xAB, 0x79, 0x08, 0x1D, 0x13, 0xE1, 0x1A,
    0x1A, 0x30, 0xB2, 0x83, 0xA9, 0x93, 0x3F, 0x19, 0x81, 0xB5, 0x0C, 0x04,
    0xAC, 0x15, 0xB8, 0x18, 0x05, 0xC9, 0x4A, 0x29, 0x91, 0x01, 0xA0, 0x85,
    0xA0, 0x90, 0x84, 0xC0, 0x88, 0x23, 0xC9, 0x20, 0xB8, 0x7A, 0x08, 0x08,
    0x5C, 0x85, 0xB8, 0x28, 0x08, 0xD4, 0x88, 0xA4, 0x1E, 0x21, 0xA9, 0x21,
    0x7F, 0xC0, 0x00, 0x3A, 0xB2, 0x23, 0xEB, 0x50, 0x9A, 0x23, 0x8C, 0x03,
    0xC3, 0x8A, 0x09, 0x3B, 0x40, 0x29, 0xAC, 0x21, 0x4C, 0x4D, 0x84, 0x89,
    0x2A, 0x08, 0x0A, 0x31, 0xB1, 0xC5, 0x92, 0xB5, 0xB0, 0x82, 0xCA, 0x27,
    0xB0, 0x94, 0x98, 0xA2, 0x02, 0xA9, 0xC3, 0x90, 0x7A, 0x99, 0x42, 0xBA,
    0x42, 0xC0, 0x93, 0xC2, 0x10, 0xC3, 0x90, 0xBB, 0x51, 0x92, 0xAE, 0x58,
    0x1B, 0x13, 0xBC, 0x38, 0x82, 0xE3, 0x9A, 0x07, 0x99, 0x81, 0xB3, 0x00,
    0x91, 0xF3, 0x0D, 0x11, 0x80, 0x89, 0x10, 0x90, 0x3C, 0x01, 0x81, 0xD3,
    0xC1, 0x29, 0x02, 0xF2, 0x0A, 0xB7, 0x88, 0x92, 0x99, 0x03, 0xA0, 0xC6,
    0x91, 0xA2, 0x9B, 0x25, 0xA0, 0xE1, 0x4B, 0x80, 0x18, 0x99, 0x59, 0x9B,
    0x78, 0x89, 0x2B, 0x4B, 0x01, 0x08, 0x80, 0x09, 0x83, 0x9A, 0x3C, 0x2A,
    0x39, 0x7B, 0x89, 0x4B, 0x5D, 0x02, 0x09, 0xB2, 0x7F, 0x69, 0x98, 0x95,
    0xB0, 0x38, 0xA1, 0x80, 0x0B, 0x29, 0x2E, 0x69, 0x81, 0x89, 0x24, 0xE8,
    0x11, 0x80, 0xC2, 0x01, 0xC2, 0x80, 0x2C, 0xA5, 0x0A, 0x19, 0x3A, 0x8C,
    0x60, 0xA8, 0x30, 0xCA, 0x42, 0xBA, 0x43, 0xCB, 0x31, 0x98, 0x90, 0x31,
    0xCA, 0x78, 0xB2, 0x10, 0xC0, 0x10, 0x8B, 0x40, 0xA9, 0x59, 0x92, 0xB8,
    0x7B, 0x10, 0x00, 0xB8, 0x14, 0xD1, 0x29, 0xC2, 0x09, 0x13, 0xBF, 0x31,
    0xC0, 0x02, 0x9B, 0x13, 0x1C, 0xE6, 0x0A, 0x00, 0x09, 0x0B, 0x35, 0xCA,
    0x42, 0xD9, 0x30, 0x89, 0x02, 0x8C, 0x11, 0x00, 0xC8, 0x26, 0xB9, 0x85,
    0x99, 0x81, 0x08, 0x91, 0x2D, 0x03, 0x0B, 0x10, 0xC3, 0x09, 0x90, 0x80,
    0x4B, 0xC0, 0x68, 0xB1, 0x19, 0x1F, 0x32, 0xAC, 0x23, 0xE0, 0x20, 0xA8,
    0x3D, 0x84, 0xA9, 0x59, 0xA0, 0x20, 0x9A, 0x11, 0x4C, 0x2A, 0x3A, 0x0A,
    0x22, 0xC9, 0x69, 0x90, 0x38, 0x01, 0x9B, 0x87, 0x8A, 0x20, 0x1E, 0x39,
    0x92, 0xC3, 0x90, 0x1A, 0x11, 0xD2, 0x4D, 0x03, 0xC3, 0xA8, 0x3B, 0x02,
    0xB0, 0x4A, 0x94, 0xE1, 0x1A, 0x11, 0x82, 0xD1, 0x2C, 0x09, 0x48, 0xA3,
    0x99, 0x01, 0x88, 0x80, 0x08, 0x89, 0x20, 0xA1, 0x00, 0x88, 0x91, 0x92,
    0x89, 0x18, 0x91, 0x08, 0x09, 0x00, 0x80, 0x88, 0x00, 0x80, 0x80, 0x80,
    0x80, 0x00, 0x00, 0x00, 0x00, 0x00, 0x00, 0x00, 0x7F, 0x08, 0x00, 0x20,
    0x48, 0x79, 0xA0, 0xBB, 0x6B, 0x1F, 0xB8, 0x37, 0xD1, 0x02, 0x87, 0xB0,
    0x39, 0xC3, 0x9E, 0x20, 0x91, 0xA5, 0x0C, 0x94, 0x89, 0xA0, 0x12, 0xA7,
    0x88, 0x84, 0xB8, 0x8B, 0x68, 0x89, 0xA2, 0x9C, 0x92, 0x90, 0x37, 0x18,
    0x05, 0x89, 0x9C, 0x3A, 0xD1, 0x4B, 0x2A, 0xB8, 0x59, 0x95, 0x91, 0x29,
    0x00, 0x8B, 0x2B, 0x80, 0x70, 0xAA, 0xA8, 0x5F, 0x18, 0x08, 0x11, 0x13,
    0x09, 0x10, 0xF2, 0xA8, 0x08, 0xA3, 0xFA, 0x22, 0xA9, 0x14, 0x38, 0x0B,
    0x58, 0x11, 0x8F, 0x83, 0xAD, 0x03, 0xA0, 0xC3, 0x3B, 0xD3, 0x29, 0x82,
    0x1A, 0x4A, 0x1C, 0x29, 0x3D, 0x99, 0x3C, 0xA2, 0x4B, 0xB0, 0x33, 0x51,
    0x08, 0x52, 0xAE, 0x1C, 0x29, 0x89, 0x8B, 0x29, 0x31, 0x3C, 0x35, 0x81,
    0x4A, 0xA2, 0xD8, 0x8A, 0x0A, 0x20, 0xD6, 0x8B, 0x29, 0x80, 0x4A, 0x23,
    0x12, 0x4B, 0xC1, 0xBF, 0x7F, 0x80, 0x10, 0xAC, 0x17, 0xB0, 0x82, 0x03,
    0x8C, 0x50, 0x93, 0x9B, 0x8A, 0x1C, 0x02, 0x8A, 0xD6, 0xA8, 0x39, 0x94,
    0xA2, 0x4C, 0x10, 0xA1, 0x89, 0xA0, 0x87, 0x8C, 0x90, 0x98, 0x33, 0x38,
    0x14, 0xB7, 0x1B, 0x98, 0xA8, 0x88, 0x9A, 0x4A, 0xA8, 0x70, 0x12, 0x89,
    0x3E, 0x02, 0x9A, 0x29, 0xBA, 0x17, 0x9C, 0x34, 0xE8, 0x11, 0xB1, 0x01,
    0x4A, 0x15, 0x9C, 0x02, 0xA8, 0xB1, 0x3F, 0xC2, 0x2A, 0x01, 0x28, 0x08,
    0x61, 0x9C, 0x4A, 0x80, 0x88, 0x98, 0x2B, 0xA3, 0x2D, 0x80, 0x14, 0x39,
    0x80, 0x28, 0x0C, 0x4B, 0xD1, 0x0A, 0x4C, 0xA2, 0x2F, 0x81, 0x30, 0x81,
    0x39, 0x70, 0xC9, 0x00, 0x98, 0xB2, 0x9E, 0x38, 0x80, 0x02, 0x3A, 0x35,
    0x81, 0xBB, 0x9A, 0x78, 0x2A, 0xE0, 0x00, 0xA2, 0x88, 0x96, 0x93, 0x48,
    0xD0, 0x3B, 0x88, 0x02, 0xC3, 0xCE, 0x83, 0x1D, 0x00, 0x20, 0x02, 0x02,
    0x7F, 0xAF, 0x4A, 0x08, 0x81, 0xA8, 0x1A, 0x99, 0x79, 0x19, 0x12, 0x2B,
    0x10, 0x08, 0xA1, 0xA9, 0xC7, 0x9B, 0x88, 0xF3, 0x98, 0x08, 0x20, 0x42,
    0x18, 0x4A, 0xB3, 0xAA, 0xAB, 0xA0, 0xCF, 0x14, 0x81, 0x18, 0x79, 0x82,
    0x00, 0xAD, 0x28, 0x99, 0x2B, 0xE1, 0x49, 0x89, 0x83, 0xA2, 0xA3, 0x60,
    0xB3, 0x3F, 0x92, 0x8B, 0x84, 0xAA, 0x97, 0xA8, 0x01, 0x83, 0xA6, 0x18,
    0x88, 0x99, 0x81, 0x9C, 0x93, 0xBF, 0x83, 0x82, 0xA1, 0x24, 0xB7, 0x98,
    0x84, 0x99, 0x99, 0x88, 0xB3, 0x99, 0x11, 0xBB, 0xA7, 0x78, 0x11, 0xB2,
    0xA9, 0x00, 0xB2, 0x4D, 0x2A, 0xD2, 0x1B, 0x49, 0x16, 0x98, 0x80, 0x88,
    0x0A, 0x29, 0xA3, 0xAF, 0x99, 0x33, 0xC8, 0x18, 0x61, 0x23, 0x00, 0xAA,
    0xF8, 0x28, 0xB9, 0xA6, 0x9A, 0x2C, 0x11, 0x82, 0x3C, 0x60, 0x0B, 0x4B,
    0xA0, 0x58, 0xAB, 0x22, 0xE8, 0x13, 0xB0, 0x12, 0x7F, 0xD1, 0x78, 0xA9,
    0x28, 0x99, 0x83, 0x9C, 0x18, 0x02, 0xC3, 0x90, 0x60, 0x81, 0x88, 0x10,
    0x98, 0x2F, 0xA1, 0xAE, 0x18, 0x19, 0x14, 0x10, 0xC6, 0x08, 0x92, 0x80,
    0xB0, 0x80, 0xC8, 0x83, 0xE1, 0x98, 0x88, 0x68, 0x13, 0xA9, 0x87, 0x8A,
    0x3C, 0x2B, 0x95, 0xDA, 0x59, 0xB2, 0x30, 0x92, 0x02, 0xD0, 0xA4, 0x98,
    0x81, 0x3C, 0xA0, 0xB3, 0x8B, 0x69, 0x94, 0x29, 0x10, 0xAB, 0x95, 0x0B,
    0x83, 0x90, 0x9F, 0xA4, 0xA2, 0xA9, 0x71, 0x80, 0x08, 0x82, 0xA2, 0xCB,
    0x4B, 0xA6, 0xC8, 0x28, 0xB2, 0x12, 0x13, 0xC5, 0x80, 0x0A, 0x90, 0x00,
    0xFB, 0x1A, 0x11, 0x11, 0x14, 0x90, 0x81, 0x79, 0x01, 0x9F, 0x19, 0x29,
    0xD8, 0x10, 0x09, 0x0A, 0x25, 0xA2, 0x34, 0x88, 0x99, 0x1D, 0x21, 0x99,
    0x1F, 0xC0, 0x98, 0x10, 0x48, 0x40, 0x41, 0xD8, 0x19, 0x00, 0x0C, 0xA0,
    0xA0, 0x0A, 0x89, 0x33, 0x7F, 0x47, 0x92, 0x38, 0x90, 0xC8, 0x0C, 0x08,
    0xA0, 0xE8, 0x10, 0x2B, 0x38, 0x72, 0xA2, 0x11, 0xB2, 0x28, 0xB2, 0xF9,
    0xD9, 0x9C, 0x22, 0x83, 0x94, 0x14, 0x28, 0xB3, 0x8A, 0x4C, 0x9D, 0x8F,
    0x38, 0xB0, 0x21, 0x01, 0x84, 0x12, 0x30, 0xFC, 0x29, 0x2B, 0x83, 0x9F,
    0x09, 0x29, 0x83, 0x28, 0x70, 0xA0, 0xA1, 0x01, 0xB2, 0x0B, 0x9A, 0xF9,
    0x93, 0x9B, 0x62, 0x18, 0x41, 0x80, 0x8B, 0x08, 0xA9, 0xA3, 0xFB, 0x39,
    0xB5, 0x28, 0x97, 0x93, 0x99, 0x4A, 0xC1, 0x20, 0xCA, 0xA8, 0x49, 0x02,
    0x2B, 0x01, 0x28, 0x41, 0x08, 0xF2, 0x21, 0xB2, 0xFC, 0xA2, 0x82, 0xB2,
    0x41, 0x81, 0x09, 0x37, 0x9E, 0x10, 0x81, 0xC8, 0x3C, 0xA3, 0x81, 0x92,
    0x80, 0x21, 0x59, 0xAD, 0x10, 0x1E, 0x38, 0x00, 0xB8, 0x09, 0x93, 0x81,
    0x29, 0x87, 0x4D, 0x10, 0x0A, 0x22, 0xBA, 0x2F, 0x80, 0x90, 0x19, 0x30,
    0x7F, 0x18, 0x6A, 0x85, 0xD2, 0x1A, 0x09, 0x88, 0x9D, 0x21, 0x9B, 0x78,
    0xA0, 0x32, 0x93, 0x9A, 0x48, 0x94, 0xF0, 0xB1, 0x98, 0x92, 0x85, 0xAA,
    0x68, 0x04, 0x0D, 0x82, 0x08, 0x91, 0x0B, 0xD0, 0x20, 0xC8, 0x31, 0x86,
    0x19, 0x9A, 0x19, 0x3C, 0x08, 0x81, 0xBE, 0x2A, 0x59, 0x00, 0x02, 0x80,
    0x28, 0x3A, 0x9F, 0x08, 0xB4, 0x3D, 0x91, 0x89, 0x22, 0x19, 0x40, 0xC2,
    0x02, 0xF0, 0x91, 0x22, 0xCB, 0x88, 0x08, 0x81, 0x16, 0x90, 0xF2, 0x3B,
    0x39, 0x5B, 0x23, 0xFA, 0x02, 0xD8, 0x2A, 0x13, 0xA1, 0x83, 0x4A, 0x28,
    0xD8, 0x03, 0x09, 0x8F, 0x99, 0x06, 0xB0, 0x11, 0x18, 0x22, 0xF0, 0x19,
    0x91, 0x3F, 0x01, 0xA8, 0x88, 0x20, 0x88, 0x13, 0xB3, 0x15, 0x81, 0xE0,
    0x81, 0x9A, 0x1A, 0x9A, 0x80, 0x04, 0x60, 0x09, 0x29, 0x12, 0xF4, 0x0C,
    0x48, 0xAB, 0x89, 0xC0, 0x58, 0x28, 0x19, 0x29, 0x7F, 0x52, 0xCB, 0x59,
    0x1A, 0x2D, 0x91, 0xC8, 0x38, 0x01, 0x85, 0x81, 0x03, 0xF1, 0x91, 0xA8,
    0x18, 0x8C, 0x93, 0xA0, 0x11, 0x80, 0x78, 0x96, 0x9A, 0x10, 0x80, 0x1D,
    0x00, 0xC0, 0xA1, 0x29, 0xA3, 0x32, 0x40, 0x15, 0x89, 0x9B, 0xA8, 0x1A,
    0xEA, 0x0E, 0x09, 0x15, 0x11, 0x23, 0x1A, 0x5B, 0xD4, 0xB1, 0x0B, 0xAE,
    0x28, 0x80, 0x21, 0x18, 0x7A, 0x01, 0x00, 0x0E, 0x2B, 0x3A, 0xB9, 0x95,
    0xC3, 0x91, 0x93, 0x90, 0x50, 0x95, 0x9F, 0x3A, 0x20, 0x8A, 0x2B, 0xC0,
    0x38, 0xA8, 0x31, 0x07, 0x09, 0x88, 0xC2, 0xA1, 0x09, 0x3C, 0xD1, 0xA1,
    0x3B, 0x91, 0x61, 0x23, 0x98, 0x9C, 0x88, 0x3F, 0x95, 0xC8, 0x00, 0x19,
    0x30, 0x00, 0xA3, 0x00, 0x3F, 0x08, 0x01, 0x89, 0xAC, 0x0F, 0x31, 0xA0,
    0x22, 0xA4, 0xA1, 0x6B, 0x93, 0x3F, 0x18, 0xBC, 0x21, 0xD0, 0x84, 0x10,
    0x80, 0x02, 0x09, 0xB0, 0x7F, 0xC8, 0x6C, 0x21, 0xBB, 0x93, 0x2E, 0x14,
    0x82, 0x08, 0x88, 0xE1, 0x29, 0x91, 0x91, 0x8B, 0xAB, 0x17, 0x99, 0x11,
    0x07, 0x80, 0x01, 0xC1, 0x99, 0xC2, 0x3F, 0x01, 0x99, 0x83, 0x29, 0x48,
    0x88, 0xA1, 0x2B, 0x6A, 0x2A, 0xB0, 0xE2, 0xD2, 0x1C, 0x31, 0x83, 0x89,
    0x31, 0xF0, 0x22, 0xE0, 0x8A, 0xC3, 0x4C, 0x19, 0x00, 0x20, 0x83, 0x0C,
    0x4B, 0xB4, 0xB4, 0x90, 0x2D, 0xA8, 0x40, 0xB1, 0x01, 0x28, 0x3B, 0x3C,
    0xB6, 0x90, 0x18, 0xD8, 0x1B, 0xD2, 0x1A, 0x11, 0x23, 0x42, 0x9D, 0x49,
    0x89, 0xAB, 0x87, 0xA9, 0x08, 0x10, 0x23, 0xE3, 0x98, 0x19, 0x28, 0xA6,
    0x04, 0xAD, 0x1B, 0xA8, 0x84, 0x92, 0x13, 0xA5, 0xA8, 0x79, 0xA2, 0x0C,
    0x1A, 0x9D, 0x22, 0xB1, 0x95, 0x01, 0x98, 0x11, 0x81, 0xD2, 0x09, 0x6C,
    0x01, 0xBB, 0x83, 0x8B, 0x32, 0x38, 0x70, 0xB0, 0x09, 0x81, 0x09, 0x80,
    0x7F, 0xF2, 0xBF, 0x11, 0x90, 0x22, 0xA6, 0x09, 0x28, 0x09, 0xA4, 0xAC,
    0x2D, 0x99, 0x10, 0x11, 0x15, 0x00, 0x2D, 0x18, 0x10, 0xB4, 0x9D, 0x99,
    0x19, 0xC2, 0x29, 0x70, 0x28, 0x8A, 0x8B, 0x02, 0x21, 0x7A, 0x9B, 0xA3,
    0xFA, 0x39, 0x05, 0x81, 0x21, 0x88, 0x91, 0xC9, 0x21, 0xF0, 0x08, 0xD0,
    0x0A, 0x04, 0x32, 0x01, 0x2F, 0x88, 0x3A, 0xB2, 0xC2, 0xAA, 0x4D, 0x81,
    0x18, 0x87, 0x80, 0x19, 0x91, 0x18, 0xA5, 0xE8, 0x19, 0x18, 0xD4, 0x88,
    0x81, 0x2A, 0x10, 0xA2, 0x93, 0xA8, 0x5C, 0x8B, 0x98, 0xD5, 0x19, 0x38,
    0x02, 0x2A, 0x91, 0xAA, 0x88, 0x1C, 0x8F, 0x3A, 0x2F, 0x19, 0x94, 0x39,
    0x85, 0x8C, 0x4A, 0x00, 0x84, 0xC8, 0x00, 0xBA, 0x3A, 0x80, 0x55, 0xA0,
    0x59, 0xA9, 0x39, 0xA3, 0xE0, 0x1C, 0x91, 0x82, 0x81, 0x81, 0x24, 0x29,
    0xC5, 0xA8, 0x91, 0x9B, 0x1C, 0x38, 0xC8, 0x30, 0x7F, 0x30, 0x5B, 0x60,
    0xC2, 0xA1, 0x00, 0x08, 0xBF, 0x91, 0xC2, 0x3B, 0x25, 0x91, 0x3A, 0x82,
    0xF0, 0x01, 0x91, 0xB8, 0xF2, 0x2C, 0x88, 0x20, 0x00, 0x69, 0x20, 0x1F,
    0x18, 0x81, 0xC1, 0x09, 0xB0, 0x58, 0xA1, 0x83, 0xB5, 0x3C, 0x1B, 0x20,
    0x88, 0x82, 0xCD, 0x2D, 0x92, 0x2A, 0x84, 0x21, 0x3B, 0x09, 0x8A, 0x31,
    0xEA, 0x08, 0x8B, 0xF3, 0x98, 0x60, 0x18, 0x28, 0x9A, 0x12, 0xA8, 0x69,
    0xAA, 0xC0, 0xD1, 0x20, 0x41, 0xA3, 0x0D, 0x19, 0x1A, 0x22, 0x3F, 0x09,
    0xB1, 0x0E, 0x28, 0x94, 0x88, 0x31, 0x2B, 0x6B, 0x08, 0x2A, 0xA5, 0xBA,
    0x99, 0x30, 0xE9, 0x15, 0x40, 0x98, 0x89, 0x20, 0xC2, 0x1D, 0x09, 0xBB,
    0x04, 0x01, 0x04, 0xA2, 0x6A, 0x01, 0xE2, 0x81, 0xA9, 0x3C, 0x00, 0xB2,
    0x90, 0x10, 0x33, 0xD1, 0x42, 0xE1, 0x81, 0x0B, 0x1F, 0x90, 0xA4, 0x90,
    0x41, 0x98, 0x2A, 0x97, 0x7F, 0xA0, 0x09, 0x3A, 0xC8, 0xC5, 0xD0, 0x10,
    0x11, 0x80, 0x31, 0xE0, 0x1C, 0x09, 0x59, 0x01, 0xA9, 0x88, 0x0A, 0x21,
    0xA7, 0x18, 0x1A, 0xB0, 0x7B, 0x00, 0x01, 0xD1, 0x8C, 0x11, 0x81, 0x98,
    0x12, 0x80, 0x50, 0x0B, 0x20, 0x9F, 0x3C, 0xB8, 0x01, 0x04, 0x84, 0x09,
    0x2D, 0x21, 0xD2, 0x90, 0x00, 0xB8, 0x8B, 0x95, 0xD3, 0x22, 0x91, 0x28,
    0x08, 0xC2, 0xA3, 0xB8, 0xF8, 0x93, 0xE0, 0x94, 0x2A, 0x1B, 0x79, 0x93,
    0x89, 0xA1, 0x6B, 0x94, 0x8C, 0xC3, 0x08, 0x18, 0x30, 0xA7, 0xA9, 0x89,
    0x2A, 0x3A, 0x31, 0xB1, 0xF9, 0x08, 0x88, 0x71, 0x01, 0x90, 0x2A, 0x8B,
    0x0E, 0x00, 0xA2, 0x0C, 0x39, 0x84, 0xA6, 0x08, 0x1A, 0x81, 0x81, 0x08,
    0xD8, 0xF2, 0xAB, 0x48, 0x12, 0x86, 0x00, 0x9B, 0x1A, 0x91, 0x83, 0x2C,
    0xD9, 0x5B, 0x2B, 0x18, 0x49, 0x30, 0x49, 0x3C, 0xE2, 0xC3, 0x00, 0x0A,
    0x7F, 0x8B, 0x85, 0xBA, 0x10, 0x72, 0x09, 0x08, 0xC1, 0x80, 0x89, 0x2D,
    0x08, 0xA4, 0x1A, 0x8C, 0x28, 0x37, 0x80, 0x00, 0xBB, 0x08, 0x29, 0xE0,
    0x09, 0x09, 0x70, 0x29, 0x12, 0xD3, 0xA0, 0x88, 0x4B, 0xA9, 0x09, 0xF8,
    0x4B, 0x02, 0x78, 0x03, 0xC8, 0x8A, 0x2A, 0x41, 0xD1, 0xC4, 0xA8, 0x1A,
    0x39, 0x83, 0x21, 0xA1, 0x2F, 0x2B, 0x00, 0xA4, 0xA8, 0xB0, 0x7B, 0x83,
    0x98, 0x84, 0x10, 0xA8, 0x3A, 0xC8, 0x41, 0xE0, 0xB9, 0x20, 0x58, 0xB1,
    0x21, 0x4C, 0x19, 0x48, 0x91, 0x8A, 0xFA, 0x3C, 0x03, 0x83, 0xB5, 0x19,
    0x19, 0x99, 0x2A, 0xD3, 0xA2, 0x3F, 0x19, 0x90, 0xA2, 0x96, 0x21, 0x88,
    0x90, 0xA3, 0xA0, 0x9F, 0x2B, 0x79, 0x99, 0x88, 0x12, 0x00, 0x51, 0x11,
    0xF8, 0x09, 0x8C, 0x49, 0x1A, 0x12, 0xD0, 0x00, 0x10, 0x48, 0x80, 0xB9,
    0x38, 0xF2, 0x1F, 0x81, 0x88, 0x21, 0xA9, 0x33, 0x7F, 0x00, 0xA2, 0x92,
    0x19, 0xAF, 0xA0, 0xC2, 0xC9, 0x42, 0x81, 0x59, 0x84, 0xB1, 0x9A, 0x19,
    0x19, 0x1C, 0x8A, 0xF8, 0x3A, 0x41, 0x60, 0x10, 0xF8, 0x2B, 0x20, 0x10,
    0xC8, 0x96, 0xC0, 0x8A, 0x11, 0x22, 0x01, 0x13, 0xBF, 0x89, 0x19, 0xA7,
    0x90, 0xA0, 0x1C, 0x03, 0x83, 0xA7, 0x09, 0x9B, 0x29, 0x98, 0x15, 0xB1,
    0x2E, 0x01, 0x98, 0x84, 0xA1, 0x19, 0x59, 0x3B, 0x99, 0xA0, 0xD2, 0x0C,
    0x05, 0x09, 0x05, 0xB8, 0x18, 0x4A, 0x29, 0x94, 0xB0, 0xF8, 0x89, 0x12,
    0x85, 0x83, 0xA8, 0x0C, 0x01, 0x93, 0x12, 0xFA, 0x2C, 0x3B, 0x89, 0xB7,
    0x10, 0x20, 0x8A, 0x59, 0xF1, 0x81, 0x89, 0x39, 0x1E, 0x01, 0x80, 0x83,
    0x00, 0x2B, 0xA8, 0xF1, 0x83, 0xB1, 0x5B, 0x08, 0xB8, 0x02, 0xA2, 0x50,
    0x3A, 0x29, 0xE3, 0xB1, 0xC0, 0x4D, 0x19, 0x94, 0x88, 0xA0, 0x79, 0x02,
    0x90, 0xC2, 0x91, 0x1C, 0x7F, 0x8B, 0x29, 0x87, 0xA0, 0x28, 0x2A, 0x10,
    0xA4, 0xC3, 0x19, 0xAD, 0x3D, 0x81, 0x92, 0xB0, 0x12, 0x19, 0x71, 0x84,
    0xD0, 0x80, 0x3F, 0x29, 0x90, 0xB2, 0x0A, 0x30, 0x59, 0x22, 0xE1, 0x88,
    0x90, 0x0A, 0x2A, 0xC2, 0xF8, 0x31, 0x2C, 0x22, 0x91, 0x91, 0x08, 0xA3,
    0xAB, 0x1A, 0xF0, 0xC9, 0x40, 0x2A, 0x62, 0xA1, 0xC1, 0x88, 0x1A, 0x30,
    0x1E, 0xD2, 0xD8, 0x38, 0x20, 0x38, 0x95, 0xC2, 0x0C, 0x0A, 0x58, 0xA0,
    0x93, 0xC0, 0x88, 0x91, 0x15, 0x32, 0xC1, 0x0E, 0x09, 0x19, 0x02, 0x80,
    0xD0, 0x1A, 0x01, 0xA5, 0x87, 0x9A, 0x08, 0x2B, 0x18, 0x81, 0x84, 0xF8,
    0x0A, 0x38, 0x94, 0x03, 0x98, 0x19, 0x82, 0x9F, 0x01, 0xE1, 0x98, 0x1B,
    0x30, 0x06, 0x28, 0x0D, 0x38, 0xA8, 0x0A, 0x98, 0xC7, 0x9A, 0x39, 0x80,
    0x14, 0xB0, 0x08, 0x78, 0x01, 0x90, 0xF0, 0x98, 0x18, 0x29, 0xA2, 0xB0,
    0x7F, 0x07, 0x11, 0x2E, 0x01, 0x98, 0xA1, 0x2E, 0x1A, 0x08, 0x10, 0xC5,
    0x82, 0x28, 0x1D, 0x89, 0x28, 0x82, 0xBA, 0x0C, 0x09, 0x87, 0xA2, 0x30,
    0x1B, 0x93, 0x29, 0x2B, 0xF9, 0x0C, 0x09, 0x28, 0x04, 0x87, 0x1D, 0x18,
    0x28, 0x80, 0x1A, 0xB1, 0xBF, 0x1A, 0x41, 0x94, 0xB2, 0x00, 0x8D, 0x29,
    0x12, 0x84, 0xD8, 0x90, 0x0F, 0x39, 0x91, 0x97, 0x98, 0x28, 0x10, 0x8A,
    0xA8, 0xB7, 0x89, 0x1D, 0x10, 0xB4, 0x01, 0x11, 0x0D, 0x02, 0x9C, 0x32,
    0xD0, 0x1B, 0x0A, 0x93, 0x84, 0xC3, 0x2A, 0x4A, 0x39, 0x00, 0x9D, 0x1B,
    0x1C, 0x1D, 0x38, 0xC5, 0x02, 0x91, 0x4B, 0x00, 0xB1, 0x92, 0xF1, 0x8B,
    0x2E, 0x04, 0xA1, 0x21, 0x88, 0x0B, 0x21, 0xA6, 0x90, 0xAD, 0x01, 0x8D,
    0x21, 0xB3, 0x11, 0x8A, 0x5B, 0x39, 0x87, 0xB1, 0x99, 0x39, 0x0F, 0x01,
    0xA0, 0x13, 0x82, 0x3F, 0x2C, 0x02, 0x08, 0x82, 0x7F, 0xC9, 0x8A, 0x8B,
    0x37, 0x8A, 0x01, 0x7B, 0x21, 0x99, 0x2A, 0xA2, 0xAC, 0x18, 0x88, 0xC5,
    0x14, 0x91, 0x2A, 0xA9, 0x94, 0x99, 0x82, 0x9E, 0x5C, 0x91, 0x01, 0x87,
    0x8B, 0x10, 0x88, 0x10, 0x02, 0xD2, 0x8C, 0x0A, 0x3B, 0x91, 0x30, 0x07,
    0x0F, 0x20, 0x88, 0x02, 0x90, 0x9B, 0x9C, 0x5A, 0x97, 0x90, 0x3C, 0x2A,
    0x00, 0x1B, 0x32, 0xB0, 0x8E, 0x0A, 0xC5, 0x10, 0xA1, 0x3A, 0x94, 0x2C,
    0xA6, 0x0C, 0x81, 0x89, 0x0A, 0x39, 0x90, 0x32, 0x28, 0x2D, 0x89, 0x12,
    0x41, 0xC9, 0x8F, 0x1B, 0x01, 0x91, 0x45, 0x80, 0x9D, 0x01, 0x92, 0x79,
    0xA8, 0x0A, 0x88, 0x1B, 0x23, 0xA6, 0x3D, 0x01, 0x08, 0xA9, 0x49, 0x05,
    0xD9, 0x3B, 0x91, 0xB7, 0x89, 0x48, 0x0A, 0x81, 0x29, 0x93, 0xE0, 0x08,
    0xB0, 0x01, 0x83, 0xB1, 0x99, 0x78, 0x79, 0x91, 0x09, 0x91, 0xBB, 0x1B,
    0x32, 0xA0, 0x97, 0x48, 0x7F, 0x1A, 0x3F, 0x10, 0x19, 0xA8, 0x8B, 0x2D,
    0xB7, 0x01, 0x01, 0x89, 0x8B, 0x5A, 0x81, 0x32, 0xF1, 0x99, 0x09, 0x88,
    0x85, 0x93, 0x1A, 0x08, 0x5D, 0x11, 0xA0, 0x85, 0xB0, 0xBA, 0x29, 0xD5,
    0x11, 0x92, 0x0A, 0x91, 0x2C, 0x93, 0xA9, 0x48, 0xE9, 0x18, 0x29, 0xC2,
    0x17, 0x2C, 0x28, 0xA0, 0x2B, 0x90, 0x09, 0x2F, 0x01, 0x82, 0xA6, 0x09,
    0x89, 0x12, 0x1B, 0x3C, 0xA1, 0xE1, 0x0E, 0x10, 0x02, 0x12, 0xB2, 0x29,
    0x2F, 0x29, 0x2A, 0xD8, 0x81, 0xA0, 0x20, 0xB5, 0xB5, 0xA5, 0x90, 0x2B,
    0x19, 0x0B, 0xF6, 0xA1, 0xB0, 0x4A, 0x01, 0x92, 0x82, 0x80, 0x0A, 0x1D,
    0x29, 0xAA, 0x05, 0x9C, 0x08, 0x13, 0xB5, 0x03, 0xAA, 0x60, 0x0B, 0x1C,
    0x09, 0x98, 0x8C, 0x4A, 0x11, 0x22, 0xA3, 0x7A, 0x6C, 0x80, 0x19, 0x88,
    0xE1, 0x88, 0x4B, 0x81, 0x40, 0x83, 0xA8, 0x1A, 0x1B, 0x4B, 0xD1, 0xD3,
    0x38, 0x80, 0x8A, 0x12, 0x94, 0x82, 0x59, 0x1D, 0x0B, 0x4C, 0x20, 0xA0,
    0xB5, 0x1B, 0x02, 0xA3, 0xC5, 0xB2, 0x89, 0x4A, 0x88, 0x49, 0xD2, 0xB9,
    0x10, 0x49, 0xB1, 0x25, 0xC1, 0x02, 0x08, 0x8D, 0x18, 0x88, 0xB1, 0x2C,
    0x39, 0x59, 0x82, 0x90, 0x1A, 0x49, 0x99, 0x02, 0xD1, 0xC8, 0x3A, 0x02,
    0x30, 0x83, 0xAC, 0x08, 0x2A, 0x3C, 0x80, 0x80, 0x81, 0x00, 0x00, 0x00,
    0x00, 0x00, 0x00, 0x00, 0x7F, 0x00, 0x80, 0x80, 0x80, 0x80, 0x80, 0x80,
    0x80, 0x80, 0x80, 0x80, 0x80, 0x80, 0x80, 0x80, 0x80, 0x80, 0x80, 0x80,
    0x80, 0x80, 0x80, 0x80, 0x80, 0x80, 0x80, 0x80, 0x80, 0x80, 0x80, 0x80,
    0x80, 0x80, 0x80, 0x80, 0x80, 0x80, 0x80, 0x80, 0x80, 0x80, 0x80, 0x80,
    0x08, 0x80, 0x88, 0x80, 0x07, 0x77, 0xED, 0xA9, 0x14, 0x53, 0x10, 0x9A,
    0xCA, 0x88, 0x01, 0x88, 0x98, 0x02, 0x32, 0x09, 0xCB, 0x89, 0x10, 0x03,
    0x20, 0x10, 0x32, 0x24, 0x98, 0xAD, 0x91, 0x90, 0x1A, 0x37, 0x59, 0xB8,
    0xC8, 0xA9, 0x21, 0x53, 0x32, 0xBD, 0xCA, 0x00, 0x09, 0x81, 0x35, 0x18,
    0x08, 0x65, 0xAE, 0xBB, 0xA1, 0x55, 0x32, 0x19, 0xBC, 0xA9, 0xA8, 0x00,
    0x88, 0xA1, 0x42, 0x10, 0x0A, 0xA0, 0x38, 0x86, 0x51, 0x89, 0x9B, 0x89,
    0x09, 0x0D, 0x91, 0x17, 0x31, 0x99, 0x80, 0x8A, 0xC8, 0x12, 0x17, 0x01,
    0x7F, 0x10, 0x88, 0x9B, 0xBF, 0xBB, 0xA9, 0x30, 0x40, 0x19, 0x91, 0x27,
    0x10, 0xA9, 0xA8, 0x39, 0xEA, 0x23, 0x07, 0x20, 0x33, 0xAF, 0xBB, 0x91,
    0x04, 0x33, 0x18, 0xAB, 0xCF, 0xB1, 0x14, 0x30, 0xAB, 0xC0, 0x30, 0x33,
    0x4B, 0xB8, 0x08, 0x83, 0x75, 0x89, 0x89, 0x89, 0xAE, 0x9A, 0x82, 0x89,
    0xAF, 0x81, 0x36, 0x20, 0x00, 0x9A, 0xB9, 0x17, 0x32, 0x88, 0xAD, 0xA0,
    0xA9, 0x00, 0x42, 0x1B, 0xBF, 0x91, 0x01, 0x30, 0x68, 0xC8, 0x10, 0x02,
    0x20, 0x9A, 0x19, 0x8A, 0xB5, 0x38, 0xFC, 0x99, 0x18, 0x33, 0x61, 0x00,
    0xAC, 0x98, 0x00, 0xA1, 0x01, 0x93, 0x8B, 0x49, 0xF0, 0x24, 0x34, 0x2A,
    0xDC, 0x88, 0x98, 0x0A, 0xA3, 0x51, 0x32, 0x40, 0x8C, 0xDA, 0x89, 0x09,
    0x0B, 0x45, 0x41, 0x88, 0x08, 0xAC, 0x88, 0x38, 0xAA, 0x3A, 0x00, 0x0F,
    0x18, 0x4C, 0x91, 0x03, 0x28, 0x30, 0x2A, 0xCB, 0x7F, 0x14, 0x99, 0x38,
    0xC7, 0x23, 0x0F, 0xAA, 0xD0, 0x05, 0x20, 0x09, 0xBA, 0xB8, 0x00, 0x95,
    0x21, 0x13, 0x11, 0xB9, 0xF9, 0x83, 0x71, 0x09, 0x99, 0xA9, 0x9B, 0x20,
    0x71, 0x00, 0xB9, 0xAF, 0x88, 0x94, 0x04, 0x10, 0x9A, 0xAA, 0x03, 0x58,
    0x86, 0x88, 0x0A, 0x01, 0xAA, 0x9D, 0x0C, 0x83, 0x42, 0x08, 0x0F, 0x18,
    0x81, 0x81, 0x01, 0x1B, 0x9C, 0x28, 0x18, 0xAA, 0x13, 0x01, 0x42, 0x98,
    0xA6, 0x02, 0x2B, 0xB3, 0xFC, 0xC0, 0xB1, 0x13, 0x70, 0x92, 0xC8, 0x88,
    0x13, 0x88, 0xB1, 0x1A, 0x02, 0x16, 0x90, 0x16, 0xA2, 0x9D, 0x3A, 0x08,
    0xFB, 0xAC, 0x26, 0x30, 0x29, 0x9A, 0x90, 0x11, 0x9D, 0xA9, 0x42, 0x80,
    0x3B, 0x91, 0x92, 0x21, 0xFA, 0xA8, 0x07, 0x02, 0x28, 0x8C, 0xC8, 0x90,
    0x38, 0x23, 0x0B, 0x14, 0xFA, 0x88, 0x08, 0x07, 0x08, 0x0A, 0x8A, 0x52,
    0x3A, 0xE9, 0x08, 0x34, 0x7F, 0x08, 0xAB, 0xD9, 0x32, 0x22, 0xC0, 0xE0,
    0x30, 0x29, 0xCB, 0xC1, 0x34, 0x22, 0xCB, 0xA9, 0x22, 0x50, 0x88, 0xC2,
    0x12, 0x9A, 0x9F, 0x00, 0x00, 0x88, 0x10, 0xB1, 0x37, 0x21, 0x1E, 0x90,
    0x90, 0x29, 0x0C, 0x90, 0xE0, 0x04, 0x38, 0x59, 0x81, 0xE8, 0x8A, 0x01,
    0x24, 0x90, 0x18, 0x90, 0x8B, 0xDA, 0x38, 0x34, 0x88, 0xA9, 0xBE, 0xB1,
    0x14, 0x25, 0x82, 0x2A, 0xC0, 0xA9, 0xA2, 0x97, 0x0A, 0x2E, 0x98, 0x80,
    0x50, 0x00, 0x9A, 0x99, 0x14, 0x34, 0x31, 0xC9, 0xD8, 0x99, 0x96, 0x00,
    0x08, 0xAA, 0x83, 0xB3, 0x09, 0x00, 0x80, 0xB4, 0x9C, 0x39, 0x42, 0x90,
    0x19, 0x78, 0x08, 0xBA, 0x90, 0xAD, 0xAB, 0xB7, 0x40, 0x08, 0x01, 0x93,
    0x63, 0x4F, 0xBD, 0xA8, 0x15, 0x42, 0x19, 0xAB, 0xB0, 0x02, 0x10, 0x19,
    0x3D, 0x9A, 0xB0, 0x35, 0x31, 0x89, 0xAA, 0xB9, 0x68, 0xFC, 0xA8, 0x34,
    0x7F, 0x52, 0x19, 0x99, 0xA9, 0x00, 0x10, 0x01, 0x12, 0x8B, 0xF9, 0xBA,
    0x82, 0x12, 0x19, 0xAA, 0xCE, 0x11, 0x93, 0x53, 0x22, 0x31, 0x19, 0xAD,
    0xAB, 0x04, 0x48, 0x89, 0x9D, 0xC8, 0x09, 0x91, 0x40, 0x04, 0x81, 0x9C,
    0x09, 0xDB, 0x93, 0x52, 0x31, 0x59, 0xBC, 0xAA, 0x11, 0x53, 0x20, 0x80,
    0x9C, 0xCC, 0x98, 0x22, 0x43, 0x8B, 0xBD, 0xBA, 0x15, 0x43, 0x18, 0x8B,
    0x81, 0x18, 0xCC, 0xB1, 0x44, 0x31, 0xDB, 0xA0, 0x43, 0x1A, 0xCC, 0xA8,
    0x34, 0x18, 0xA9, 0x98, 0x32, 0x32, 0xBC, 0x98, 0x21, 0x25, 0x12, 0x89,
    0x9D, 0xAA, 0x08, 0x08, 0x80, 0x00, 0x80, 0x00, 0x88, 0x01, 0x08, 0x00,
    0x00, 0x88, 0x88, 0x00, 0x11, 0x00, 0x00, 0x88, 0x98, 0x89, 0x00, 0x89,
    0x99, 0x80, 0x01, 0x00, 0x10, 0x89, 0x98, 0x90, 0x01, 0x00, 0x00, 0x00,
    0x88, 0x88, 0x80, 0x08, 0x80, 0x80, 0x00, 0x01, 0x7F, 0x11, 0x09, 0x89,
    0x98, 0x80, 0x08, 0x90, 0x8A, 0x99, 0x81, 0x10, 0x00, 0x10, 0x18, 0x00,
    0x10, 0x10, 0x09, 0x80, 0x88, 0x89, 0x98, 0x88, 0x09, 0x89, 0x88, 0x00,
    0x11, 0x00, 0x00, 0x80, 0x80, 0x01, 0x00, 0x08, 0x98, 0x00, 0x99, 0x89,
    0x80, 0x00, 0x10, 0x99, 0x98, 0x00, 0x21, 0x01, 0x80, 0x80, 0x80, 0x08,
    0x00, 0x08, 0x89, 0x88, 0x89, 0x90, 0x00, 0x09, 0x88, 0x08, 0x00, 0x01,
    0x00, 0x08, 0x88, 0x01, 0x10, 0x00, 0x00, 0x98, 0x89, 0x88, 0x89, 0x99,
    0x80, 0x00, 0x10, 0x08, 0x98, 0x80, 0x22, 0x10, 0x08, 0x88, 0x00, 0x10,
    0x89, 0x99, 0x99, 0x00, 0x11, 0x88, 0x89, 0x99, 0x89, 0x01, 0x10, 0x08,
    0x88, 0x01, 0x11, 0x21, 0x10, 0x99, 0x99, 0x90, 0x08, 0x08, 0x80, 0x80,
    0x80, 0x00, 0x98, 0x98, 0x89, 0x80, 0x00, 0x00, 0x10, 0x00, 0x00, 0x00,
    0x80, 0x10, 0x08, 0x80, 0x7F, 0x88, 0x98, 0x98, 0x89, 0x88, 0x08, 0x08,
    0x88, 0x00, 0x01, 0x01, 0x00, 0x88, 0x98, 0x08, 0x01, 0x11, 0x00, 0x88,
    0x89, 0x08, 0x88, 0x88, 0x88, 0x00, 0x08, 0x00, 0x88, 0x98, 0x80, 0x00,
    0x00, 0x00, 0x00, 0x08, 0x08, 0x00, 0x88, 0x88, 0x09, 0x88, 0x00, 0x08,
    0x00, 0x88, 0x98, 0x80, 0x00, 0x00, 0x80, 0x10, 0x00, 0x88, 0x88, 0x80,
    0x80, 0x10, 0x08, 0x09, 0x98, 0x88, 0x88, 0x80, 0x80, 0x00, 0x11, 0x00,
    0x00, 0x88, 0x99, 0x88, 0x88, 0x00, 0x88, 0x00, 0x11, 0x11, 0x10, 0x89,
    0xAA, 0x99, 0x90, 0x01, 0x10, 0x08, 0x08, 0x80, 0x80, 0x08, 0x08, 0x80,
    0x00, 0x00, 0x08, 0x08, 0x80, 0x80, 0x80, 0x80, 0x08, 0x90, 0x88, 0x80,
    0x88, 0x80, 0x88, 0x00, 0x01, 0x08, 0x00, 0x00, 0x80, 0x80, 0x88, 0x98,
    0x98, 0x00, 0x00, 0x01, 0x08, 0x88, 0x88, 0x88, 0x80, 0x80, 0x80, 0x00,
    0x7F, 0x80, 0x00, 0x08, 0x00, 0x08, 0x80, 0x08, 0x00, 0x88, 0x80, 0x88,
    0x00, 0x88, 0x88, 0x98, 0x88, 0x00, 0x08, 0x00, 0x00, 0x00, 0x00, 0x08,
    0x00, 0x80, 0x88, 0x88, 0x08, 0x08, 0x00, 0x88, 0x88, 0x80, 0x88, 0x08,
    0x80, 0x08, 0x08, 0x80, 0x80, 0x00, 0x00, 0x00, 0x00, 0x89, 0x80, 0x80,
    0x00, 0x00, 0x08, 0x88, 0x80, 0x80, 0x88, 0x98, 0x88, 0x80, 0x80, 0x00,
    0x80, 0x80, 0x00, 0x00, 0x00, 0x10, 0x80, 0x98, 0x08, 0x80, 0x88, 0x88,
    0x88, 0x88, 0x80, 0x00, 0x00, 0x00, 0x00, 0x80, 0x88, 0x88, 0x08, 0x00,
    0x08, 0x00, 0x88, 0x08, 0x80, 0x80, 0x88, 0x80, 0x08, 0x00, 0x88, 0x08,
    0x80, 0x80, 0x80, 0x00, 0x80, 0x08, 0x08, 0x00, 0x80, 0x88, 0x80, 0x88,
    0x08, 0x80, 0x08, 0x00, 0x80, 0x80, 0x80, 0x80, 0x80, 0x88, 0x08, 0x00,
    0x80, 0x80, 0x80, 0x80, 0x80, 0x80, 0x80, 0x80, 0x03, 0x80, 0x80, 0x80,
    0x00, 0x00, 0x00, 0x00, 0x00, 0x00, 0x00, 0x00, 0x00, 0x00, 0x00, 0x00,
    0x7F, 0x00, 0x80, 0x80, 0x80, 0x80, 0x80, 0x80, 0x80, 0x80, 0x80, 0x80,
    0x80, 0x80, 0x80, 0x80, 0x80, 0x80, 0x80, 0x80, 0x08, 0x08, 0x08, 0x00,
    0x88, 0x88, 0x88, 0x88, 0x08, 0x00, 0x08, 0x00, 0x00, 0x00, 0x00, 0x88,
    0x09, 0x08, 0x80, 0x00, 0x00, 0x08, 0x08, 0x08, 0x88, 0x99, 0x9A, 0xA8,
    0x88, 0x11, 0x11, 0x22, 0x11, 0x08, 0x80, 0xA9, 0x99, 0x81, 0x12, 0x21,
    0x99, 0xBB, 0x98, 0x05, 0x41, 0x1A, 0xCC, 0xBB, 0x01, 0x35, 0x21, 0x09,
    0xA0, 0x14, 0x53, 0x09, 0xCD, 0xBB, 0x90, 0x44, 0x33, 0x8C, 0xDB, 0xB9,
    0x23, 0x45, 0x21, 0x89, 0xBA, 0xA1, 0x21, 0x8A, 0xA9, 0x31, 0x19, 0xCB,
    0x9A, 0x02, 0x46, 0x42, 0x0A, 0xDC, 0x98, 0x00, 0x28, 0x18, 0x08, 0x14,
    0x62, 0x28, 0xBE, 0xBC, 0x98, 0x03, 0x46, 0x21, 0x9C, 0xEA, 0x98, 0x33,
    0x44, 0x10, 0x9B, 0xBB, 0x98, 0x11, 0x99, 0x80, 0x7F, 0x35, 0x23, 0x01,
    0xAA, 0xEB, 0xA0, 0x20, 0x21, 0x57, 0x41, 0x2C, 0xDB, 0xCA, 0x82, 0x25,
    0x42, 0x10, 0xAC, 0xBB, 0xA8, 0x23, 0x52, 0x08, 0xBC, 0x90, 0x23, 0x41,
    0x08, 0x9B, 0xBC, 0xB0, 0x13, 0x69, 0x90, 0x09, 0x40, 0xE9, 0x13, 0x52,
    0x09, 0xAE, 0xA9, 0xA8, 0x24, 0x72, 0x80, 0x9B, 0xCB, 0xB0, 0x16, 0x43,
    0x28, 0x9C, 0xDA, 0x98, 0x13, 0x24, 0x29, 0xAA, 0xA8, 0x44, 0x3A, 0xEA,
    0xA9, 0xA2, 0x42, 0x62, 0x08, 0xBE, 0x88, 0x81, 0x10, 0x01, 0x08, 0x18,
    0x83, 0x2C, 0x1E, 0xC8, 0x9A, 0x14, 0x24, 0x42, 0x8A, 0xDA, 0xAA, 0x02,
    0x33, 0x41, 0xB9, 0xFA, 0x01, 0x44, 0x18, 0x9C, 0xBA, 0x88, 0x36, 0x34,
    0x0A, 0xDB, 0xB8, 0x23, 0x62, 0x08, 0x9D, 0xB9, 0x03, 0x52, 0x00, 0x9E,
    0x99, 0x91, 0x33, 0x30, 0xAB, 0xA9, 0x15, 0x30, 0xCB, 0xCA, 0xA1, 0x54,
    0x22, 0x8A, 0xCB, 0x80, 0x7F, 0x28, 0x11, 0x81, 0x22, 0x0A, 0xFA, 0x98,
    0x34, 0x39, 0xE9, 0x8A, 0x06, 0x61, 0x8A, 0xCB, 0xA8, 0x46, 0x12, 0x8A,
    0xDA, 0x90, 0x33, 0x40, 0x9B, 0xA9, 0x88, 0x33, 0x10, 0x0B, 0x9D, 0x20,
    0x02, 0x31, 0x6C, 0xCC, 0xA8, 0x13, 0x53, 0x10, 0xAD, 0xA9, 0x24, 0x30,
    0x8C, 0xEA, 0xA3, 0x24, 0x31, 0x89, 0xBA, 0x1A, 0xA2, 0x18, 0x32, 0xD1,
    0xDC, 0x83, 0x20, 0x72, 0x9A, 0xBC, 0x99, 0x87, 0x20, 0x88, 0x01, 0x0A,
    0xA9, 0xCA, 0x03, 0x28, 0x61, 0x11, 0x88, 0xAF, 0xC9, 0xA1, 0x63, 0x34,
    0x8D, 0xBB, 0xA0, 0x36, 0x30, 0x9B, 0xCA, 0x91, 0x54, 0x20, 0x9B, 0xCA,
    0xA1, 0x32, 0x33, 0x08, 0xBC, 0xCA, 0x04, 0x42, 0x09, 0xCC, 0xB9, 0x14,
    0x72, 0x10, 0xBD, 0xAA, 0x81, 0x34, 0x20, 0x89, 0x99, 0x9A, 0x80, 0x22,
    0x00, 0xAC, 0x00, 0x04, 0x43, 0x31, 0xFD, 0xA9, 0x03, 0x12, 0x21, 0x9B,
    0x7F, 0xD9, 0x35, 0x18, 0x8B, 0xCB, 0x90, 0x24, 0x53, 0x09, 0xB9, 0xA9,
    0x19, 0x80, 0x11, 0x0F, 0x20, 0x08, 0x26, 0x58, 0xCB, 0xBB, 0x02, 0x47,
    0x39, 0xAA, 0xA8, 0x80, 0x51, 0x09, 0xBA, 0x22, 0x00, 0x20, 0x9C, 0xA3,
    0x49, 0xEB, 0x98, 0x27, 0x52, 0x0B, 0xEA, 0x90, 0x23, 0x23, 0x8C, 0xCA,
    0x04, 0x11, 0x00, 0xAB, 0xAA, 0x10, 0x82, 0x32, 0x55, 0x2A, 0xBC, 0xCB,
    0x03, 0x51, 0x8A, 0xC9, 0x06, 0x33, 0x8A, 0xDC, 0x98, 0x24, 0x21, 0x9C,
    0xB8, 0x24, 0x40, 0x8B, 0xAB, 0xC8, 0x32, 0x21, 0x88, 0x24, 0x48, 0xDA,
    0xA9, 0xA8, 0x62, 0x00, 0xBC, 0x91, 0x72, 0x10, 0x9B, 0xDB, 0x91, 0x52,
    0x18, 0xA8, 0x80, 0x81, 0x31, 0x99, 0xAF, 0xC8, 0x80, 0x25, 0x33, 0x32,
    0xBF, 0xBB, 0xAA, 0x13, 0x64, 0x28, 0xAA, 0x8C, 0xB0, 0x54, 0x1A, 0x98,
    0xAB, 0x92, 0x44, 0x18, 0xBA, 0x80, 0x22, 0x53, 0x7F, 0xFD, 0x98, 0x21,
    0x33, 0x20, 0xBE, 0xA0, 0x18, 0x91, 0x28, 0xBA, 0x47, 0x1A, 0xA8, 0x80,
    0x80, 0x22, 0x0D, 0xC9, 0x13, 0x32, 0x0B, 0xBC, 0xA1, 0x27, 0x30, 0x9C,
    0xCB, 0x83, 0x14, 0x33, 0x0A, 0xCD, 0x91, 0x12, 0x08, 0xAA, 0xB9, 0x04,
    0x64, 0x18, 0xAC, 0xA9, 0x01, 0x31, 0x8C, 0xA9, 0x35, 0x12, 0x28, 0xCF,
    0x90, 0x22, 0x02, 0x9B, 0xBB, 0xA2, 0x72, 0x11, 0x0C, 0xCA, 0x23, 0xA9,
    0x25, 0x1A, 0xB0, 0x18, 0xAD, 0x93, 0x41, 0x99, 0x38, 0xD9, 0x34, 0x30,
    0x09, 0xFB, 0xD9, 0x83, 0x61, 0x11, 0x0A, 0xEA, 0x02, 0x11, 0x01, 0x8C,
    0xE9, 0x03, 0x32, 0x01, 0x0D, 0xC9, 0x01, 0x32, 0x30, 0xCC, 0xBA, 0x12,
    0x02, 0x43, 0x19, 0xBA, 0x01, 0xBB, 0xA9, 0xAA, 0xA5, 0x78, 0x13, 0x30,
    0x9B, 0xBA, 0xDD, 0xA0, 0x26, 0x20, 0x11, 0x18, 0xCA, 0x9D, 0x81, 0x10,
    0x0A, 0x93, 0x55, 0x20, 0x7F, 0x8D, 0xEB, 0x90, 0x24, 0x53, 0x10, 0xAD,
    0xCB, 0x81, 0x23, 0x23, 0x09, 0xBC, 0xA1, 0x33, 0x28, 0x8B, 0xFB, 0x80,
    0x33, 0x22, 0x9C, 0xD9, 0x10, 0x33, 0x33, 0x9F, 0xD9, 0x81, 0x13, 0x23,
    0x19, 0xAB, 0xBC, 0xDC, 0x02, 0x24, 0x42, 0x0A, 0xC8, 0x88, 0x09, 0xB8,
    0x22, 0x12, 0x33, 0x21, 0xCD, 0xFA, 0x90, 0x10, 0x23, 0x72, 0x19, 0xAB,
    0xCB, 0x90, 0x13, 0x43, 0x00, 0xB9, 0x20, 0xBB, 0x16, 0x8D, 0xB8, 0x23,
    0x33, 0x50, 0x9D, 0xCB, 0x93, 0x42, 0x20, 0xAC, 0xAA, 0x90, 0x64, 0x28,
    0xAB, 0xB0, 0x02, 0x10, 0x9A, 0xBA, 0x37, 0x51, 0x8A, 0xBB, 0x80, 0x00,
    0x32, 0x9A, 0x97, 0x33, 0xBD, 0xBA, 0x89, 0x06, 0x32, 0x11, 0x1A, 0xEC,
    0xA0, 0x13, 0x09, 0x02, 0x21, 0x13, 0x29, 0xDC, 0xC9, 0x01, 0x03, 0x00,
    0x13, 0x51, 0x9D, 0xB9, 0xBA, 0x04, 0x53, 0x30, 0xCA, 0xA8, 0x01, 0x29,
    0x3E, 0x8B, 0xC9, 0x13, 0x46, 0x19, 0x9A, 0xC9, 0xA0, 0x42, 0x21, 0x09,
    0x09, 0x8C, 0x9B, 0x91, 0x05, 0x33, 0x88, 0x0A, 0xBA, 0x88, 0x01, 0x80,
    0x11, 0x20, 0x00, 0x9B, 0xBB, 0x89, 0x03, 0x52, 0x00, 0xB0, 0xB9, 0x88,
    0x80, 0x18, 0x10, 0x00, 0x88, 0x09, 0x80, 0x00, 0x00, 0x09, 0x80, 0x18,
    0x80, 0x80, 0x88, 0x88, 0x80, 0x00, 0x00, 0x88, 0x08, 0x80, 0x80, 0x08,
    0x08, 0x08, 0x08, 0x00, 0x7F, 0x00, 0x80, 0x80, 0x80, 0x80, 0x80, 0x80,
    0x80, 0x80, 0x80, 0x88, 0x08, 0x08, 0x08, 0x00, 0x80, 0x08, 0x08, 0x08,
    0x88, 0x08, 0x00, 0x80, 0x08, 0x80, 0x80, 0x88, 0x08, 0x00, 0x00, 0x80,
    0x89, 0x89, 0x98, 0x90, 0x01, 0x33, 0x32, 0x08, 0xAA, 0xBA, 0x99, 0x08,
    0x01, 0x21, 0x08, 0x8A, 0x99, 0x90, 0x13, 0x44, 0x21, 0x9B, 0xDD, 0xBB,
    0xA0, 0x03, 0x44, 0x43, 0x33, 0x8A, 0xCC, 0xBA, 0x88, 0x81, 0x33, 0x31,
    0xAE, 0xCB, 0xB8, 0x26, 0x54, 0x21, 0x8A, 0xBB, 0xBA, 0xBC, 0xBB, 0xB1,
    0x47, 0x63, 0x31, 0x1A, 0xCC, 0xBB, 0xA9, 0x80, 0x23, 0x64, 0x33, 0x19,
    0xAD, 0xBB, 0xAA, 0xA0, 0x01, 0x34, 0x45, 0x41, 0x20, 0x9C, 0xBC, 0xBA,
    0x99, 0x00, 0x14, 0x44, 0x34, 0x11, 0x8B, 0xDC, 0xBA, 0xA9, 0x83, 0x54,
    0x42, 0x18, 0x9A, 0xBC, 0xA9, 0x80, 0x80, 0x83, 0x54, 0x33, 0x18, 0xAF,
    0x7F, 0xBC, 0xA9, 0x02, 0x24, 0x34, 0x32, 0x0B, 0xDE, 0xAA, 0x88, 0x13,
    0x34, 0x33, 0x10, 0x8C, 0xCC, 0xCA, 0xA8, 0x02, 0x44, 0x42, 0x21, 0x09,
    0xAB, 0xEB, 0xCB, 0x90, 0x23, 0x53, 0x23, 0x31, 0x0A, 0xCD, 0xBC, 0xB9,
    0x01, 0x44, 0x22, 0x00, 0x98, 0x91, 0x8A, 0xEB, 0xB8, 0x11, 0x21, 0x18,
    0x54, 0x22, 0x22, 0x08, 0xDF, 0xCA, 0x90, 0x12, 0x18, 0x80, 0x24, 0x53,
    0x30, 0x9D, 0xAA, 0xBB, 0xBD, 0x99, 0x04, 0x74, 0x20, 0x98, 0x98, 0x98,
    0xBA, 0x90, 0x9B, 0xEA, 0x17, 0x52, 0x08, 0xBA, 0x90, 0x21, 0x00, 0x98,
    0xBF, 0xBA, 0x86, 0x51, 0x88, 0xAA, 0x04, 0x31, 0x8B, 0xA9, 0xDC, 0x99,
    0x94, 0x52, 0x11, 0x89, 0x82, 0x28, 0xBC, 0xBA, 0xEC, 0x99, 0x15, 0x62,
    0x10, 0x9B, 0x90, 0x00, 0x9A, 0x99, 0xDB, 0x90, 0x27, 0x71, 0x08, 0x9B,
    0x90, 0x10, 0x89, 0x98, 0xBC, 0x81, 0x27, 0x51, 0x7F, 0x09, 0xAB, 0x91,
    0x10, 0x8A, 0x99, 0xDA, 0x81, 0x47, 0x32, 0x0A, 0xBC, 0x91, 0x11, 0x99,
    0xCA, 0xBB, 0x12, 0x77, 0x21, 0x8A, 0xBB, 0x91, 0x41, 0x8A, 0xAC, 0xC8,
    0x02, 0x64, 0x21, 0x9B, 0xC9, 0x82, 0x20, 0x9B, 0xBD, 0xA0, 0x15, 0x44,
    0x20, 0xAB, 0xB9, 0x13, 0x18, 0xEC, 0xB9, 0x81, 0x53, 0x44, 0x18, 0xBA,
    0xBA, 0x21, 0x09, 0xDC, 0xB8, 0x14, 0x53, 0x33, 0x0B, 0xDA, 0xB9, 0x10,
    0x0A, 0xCA, 0x91, 0x46, 0x33, 0x32, 0xAE, 0xBB, 0x98, 0x12, 0x89, 0xBB,
    0x01, 0x75, 0x32, 0x28, 0xCC, 0xBA, 0x90, 0x21, 0x0A, 0xA8, 0x15, 0x53,
    0x32, 0x0B, 0xEC, 0xA9, 0x81, 0x11, 0x0A, 0x80, 0x26, 0x43, 0x21, 0xAD,
    0xCB, 0xB8, 0x82, 0x31, 0x08, 0x02, 0x35, 0x43, 0x18, 0xBF, 0xCA, 0xA8,
    0x11, 0x21, 0x00, 0x33, 0x36, 0x21, 0x8B, 0xDD, 0xBC, 0x88, 0x22, 0x22,
    0x12, 0x11, 0x42, 0x20, 0x7F, 0xBE, 0xCD, 0xB9, 0x81, 0x33, 0x33, 0x10,
    0x12, 0x33, 0x19, 0xFD, 0xDB, 0xA9, 0x13, 0x34, 0x32, 0x01, 0x10, 0x00,
    0x9B, 0xFE, 0xBA, 0xA1, 0x34, 0x43, 0x10, 0x88, 0x90, 0x00, 0x8C, 0xEC,
    0xAB, 0x02, 0x36, 0x31, 0x10, 0x89, 0x89, 0x09, 0xAE, 0xBD, 0xA9, 0x14,
    0x44, 0x20, 0x09, 0x99, 0x80, 0x09, 0xBC, 0xEB, 0x98, 0x35, 0x43, 0x20,
    0x99, 0xAA, 0x98, 0x89, 0xAE, 0xBB, 0x82, 0x56, 0x32, 0x18, 0x9B, 0xAA,
    0x98, 0x89, 0xBE, 0xB9, 0x05, 0x63, 0x31, 0x8A, 0xBC, 0xA9, 0x00, 0x10,
    0x9C, 0xBA, 0x16, 0x53, 0x21, 0x9A, 0xCB, 0xA8, 0x02, 0x28, 0xAD, 0xB9,
    0x27, 0x43, 0x18, 0xAC, 0xC9, 0x81, 0x22, 0x18, 0xCB, 0xB9, 0x37, 0x42,
    0x18, 0xBC, 0xB9, 0x02, 0x22, 0x0A, 0xCB, 0xA1, 0x36, 0x34, 0x08, 0xAC,
    0xA9, 0x02, 0x20, 0xBC, 0xDA, 0x82, 0x54, 0x22, 0x08, 0xBA, 0xB8, 0x02,
    0x7F, 0x8B, 0xFC, 0xA8, 0x14, 0x53, 0x21, 0x09, 0xBC, 0xBA, 0x98, 0x10,
    0x88, 0x81, 0x44, 0x43, 0x21, 0x89, 0xDB, 0xEA, 0xA9, 0x02, 0x23, 0x42,
    0x34, 0x10, 0x9C, 0xCC, 0xBA, 0x81, 0x34, 0x22, 0x88, 0x90, 0x13, 0x30,
    0xBF, 0xCB, 0x99, 0x14, 0x34, 0x21, 0x09, 0xCA, 0xB9, 0x80, 0x21, 0x8A,
    0x99, 0x36, 0x42, 0x0A, 0xAB, 0xA0, 0x43, 0x20, 0xCB, 0xDB, 0x82, 0x43,
    0x48, 0xDC, 0xB9, 0x23, 0x63, 0x20, 0x89, 0xCB, 0xA9, 0x80, 0x08, 0x90,
    0x22, 0x53, 0x33, 0x01, 0x9B, 0xDC, 0xAC, 0x98, 0x01, 0x12, 0x35, 0x35,
    0x41, 0x8C, 0xBD, 0xB9, 0x81, 0x22, 0x21, 0x08, 0x11, 0x33, 0x41, 0xAD,
    0xEA, 0xB8, 0x14, 0x33, 0x20, 0xBE, 0xB8, 0x12, 0x43, 0x8B, 0xFA, 0x98,
    0x24, 0x41, 0x18, 0xAC, 0x98, 0x02, 0x20, 0x8C, 0xCB, 0x90, 0x45, 0x31,
    0x89, 0xAA, 0x91, 0x01, 0x0A, 0xAD, 0xC9, 0x13, 0x7F, 0x64, 0x30, 0xAA,
    0xCB, 0xA8, 0x23, 0x41, 0x0A, 0xAB, 0x88, 0x36, 0x28, 0xCA, 0xBB, 0x93,
    0x63, 0x31, 0x9B, 0xDA, 0x98, 0x25, 0x28, 0x98, 0xBC, 0x92, 0x42, 0x18,
    0x9C, 0xBA, 0x11, 0x45, 0x29, 0xAA, 0xBC, 0x02, 0x42, 0x10, 0xAB, 0xD8,
    0x00, 0x34, 0x29, 0x99, 0x98, 0x00, 0x20, 0x9A, 0x9A, 0x81, 0x11, 0x11,
    0x18, 0x80, 0x99, 0x80, 0x18, 0x9A, 0x89, 0x01, 0x21, 0x11, 0x09, 0x89,
    0xA9, 0x81, 0x30, 0x89, 0x8A, 0x98, 0x01, 0x32, 0x31, 0x8A, 0xCC, 0x90,
    0x20, 0x10, 0x08, 0x90, 0x01, 0x13, 0x20, 0xAA, 0xDB, 0x91, 0x12, 0x10,
    0x00, 0x80, 0x01, 0x01, 0x08, 0xA9, 0xA9, 0x00, 0x20, 0x80, 0x88, 0x80,
    0x01, 0x00, 0x08, 0x8A, 0x88, 0x81, 0x18, 0x88, 0x88, 0x00, 0x11, 0x08,
    0x88, 0x98, 0x80, 0x00, 0x08, 0x89, 0x88, 0x01, 0x10, 0x00, 0x08, 0x99,
    0x08, 0x08, 0x08, 0x88, 0x10, 0x08, 0x00, 0x10, 0x00, 0x88, 0x89, 0x08,
    0x80, 0x00, 0x80, 0x80, 0x80, 0x08, 0x08, 0x08, 0x80, 0x00, 0x00, 0x00,
    0x00, 0x00, 0x00, 0x00, 0x00, 0x00, 0x00, 0x00, 0x00, 0x00, 0x00, 0x00,
    0x7F, 0x00, 0x80, 0x80, 0x80, 0x80, 0x80, 0x80, 0x80, 0x80, 0x80, 0x80,
    0x80, 0x80, 0x80, 0x80, 0x80, 0x80, 0x80, 0x08, 0x08, 0x00, 0x80, 0x88,
    0x88, 0x98, 0x88, 0x00, 0x00, 0x80, 0x00, 0x00, 0x01, 0x08, 0x88, 0x88,
    0x08, 0x00, 0x01, 0x08, 0x00, 0x88, 0x89, 0x99, 0xB9, 0xB9, 0x88, 0x12,
    0x22, 0x42, 0x11, 0x88, 0x0A, 0xA9, 0xA8, 0x12, 0x24, 0x1A, 0xAD, 0xB9,
    0x03, 0x73, 0x28, 0xDB, 0xDA, 0x80, 0x33, 0x32, 0x8A, 0xA0, 0x37, 0x42,
    0x8A, 0xDC, 0xB9, 0x82, 0x54, 0x28, 0xBD, 0xBA, 0x92, 0x43, 0x42, 0x19,
    0xBB, 0xA8, 0x22, 0x0A, 0xB9, 0x33, 0x1B, 0xEA, 0x99, 0x04, 0x56, 0x21,
    0x8C, 0xD9, 0x90, 0x11, 0x81, 0x80, 0x81, 0x63, 0x31, 0x9E, 0xCB, 0xB8,
    0x02, 0x55, 0x31, 0x8D, 0xEA, 0x90, 0x33, 0x52, 0x19, 0x9C, 0xAA, 0x00,
    0x18, 0x98, 0x02, 0x33, 0x31, 0x0B, 0xCD, 0xB8, 0x7F, 0x11, 0x11, 0x37,
    0x72, 0x1B, 0xEB, 0xCA, 0x02, 0x35, 0x41, 0x18, 0xCB, 0xAA, 0x91, 0x24,
    0x40, 0x9A, 0xB9, 0x02, 0x52, 0x08, 0x0A, 0xBA, 0xD0, 0x01, 0x30, 0xA1,
    0x0A, 0x50, 0xF8, 0x04, 0x31, 0x89, 0xCC, 0xA9, 0xA2, 0x47, 0x20, 0x89,
    0xBC, 0xBB, 0x03, 0x74, 0x20, 0x8A, 0xDB, 0x99, 0x13, 0x34, 0x29, 0xAB,
    0x90, 0x44, 0x2B, 0xF9, 0xA9, 0x03, 0x26, 0x30, 0x8B, 0xE9, 0x08, 0x11,
    0x81, 0x18, 0x82, 0xA3, 0x3B, 0x0D, 0xE9, 0x9A, 0x14, 0x25, 0x32, 0x8C,
    0xCA, 0xA9, 0x13, 0x34, 0x2A, 0xAF, 0x98, 0x14, 0x41, 0x98, 0xDA, 0x98,
    0x04, 0x34, 0x2A, 0xBF, 0xA8, 0x12, 0x42, 0x08, 0xAE, 0xA8, 0x03, 0x51,
    0x09, 0xBB, 0xA9, 0x05, 0x33, 0x0A, 0xB9, 0x92, 0x42, 0x8C, 0xCC, 0xA0,
    0x35, 0x32, 0x0A, 0xDA, 0x91, 0x18, 0x20, 0x81, 0x21, 0x8C, 0xD8, 0xA2,
    0x43, 0x8C, 0xA9, 0xA0, 0x7F, 0x76, 0x18, 0xAD, 0xB9, 0x15, 0x32, 0x2A,
    0xFA, 0x98, 0x33, 0x30, 0x9C, 0xA8, 0x80, 0x32, 0x00, 0x99, 0xB8, 0x20,
    0x16, 0x04, 0xBE, 0xC9, 0x81, 0x35, 0x21, 0x8C, 0xB9, 0x04, 0x31, 0x8B,
    0xFB, 0x92, 0x25, 0x21, 0x8A, 0xA8, 0x8A, 0x83, 0x92, 0x2A, 0x0D, 0xD8,
    0x23, 0x07, 0x2A, 0xAC, 0xA9, 0x82, 0x71, 0x88, 0x01, 0x0A, 0xA9, 0xC9,
    0x02, 0x11, 0x61, 0x18, 0x88, 0xDD, 0xA9, 0x86, 0x33, 0x48, 0xCC, 0xBA,
    0x14, 0x42, 0x0A, 0xCB, 0xA0, 0x45, 0x20, 0x8B, 0xBB, 0xB1, 0x42, 0x32,
    0x19, 0xCB, 0xBA, 0x37, 0x21, 0x8B, 0xDB, 0xA1, 0x47, 0x21, 0x8B, 0xDA,
    0x90, 0x22, 0x41, 0x89, 0x8A, 0x89, 0x90, 0x21, 0x00, 0xAB, 0x18, 0x25,
    0x43, 0x2C, 0xFA, 0xA8, 0x32, 0x22, 0x29, 0xDB, 0x84, 0x31, 0x8A, 0xBF,
    0x98, 0x12, 0x35, 0x19, 0xA8, 0xB8, 0x09, 0x00, 0x10, 0xAB, 0x78, 0x08,
    0x7F, 0x46, 0x0A, 0xCC, 0xA0, 0x13, 0x72, 0x9A, 0xA9, 0x80, 0x23, 0x19,
    0xAF, 0x11, 0x00, 0x10, 0x9A, 0x92, 0x3A, 0xFA, 0x88, 0x55, 0x31, 0xAE,
    0xB9, 0x93, 0x42, 0x28, 0xBD, 0xA1, 0x32, 0x10, 0x8C, 0xB9, 0x80, 0x01,
    0x32, 0x37, 0x29, 0xCB, 0xCA, 0x13, 0x41, 0x9C, 0xB8, 0x54, 0x31, 0xAC,
    0xDA, 0x01, 0x42, 0x1A, 0xCA, 0x03, 0x42, 0x0A, 0xCA, 0xC8, 0x13, 0x20,
    0x80, 0x14, 0x39, 0xEA, 0x9A, 0x92, 0x51, 0x09, 0xDA, 0x15, 0x32, 0x0A,
    0xCC, 0xB9, 0x26, 0x20, 0x99, 0x90, 0x00, 0x22, 0x99, 0x9E, 0xC9, 0x00,
    0x35, 0x33, 0x31, 0xDE, 0xA9, 0xA0, 0x14, 0x42, 0x0A, 0xA9, 0xBD, 0x06,
    0x20, 0xA8, 0x8B, 0xA8, 0x43, 0x20, 0xBA, 0x90, 0x23, 0x52, 0xFE, 0x90,
    0x22, 0x22, 0x18, 0xDB, 0x81, 0x09, 0x12, 0x8C, 0x94, 0x50, 0xAB, 0x08,
    0x08, 0x23, 0x0A, 0xFA, 0x02, 0x41, 0x09, 0xBB, 0x7F, 0x91, 0x45, 0x28,
    0xAE, 0xAA, 0x12, 0x34, 0x21, 0x9C, 0xC9, 0x11, 0x20, 0x8B, 0xAB, 0x82,
    0x65, 0x38, 0xAC, 0xA9, 0x81, 0x32, 0x9C, 0xA9, 0x52, 0x21, 0x2A, 0xFB,
    0x93, 0x32, 0x18, 0xCB, 0xB9, 0x17, 0x21, 0x18, 0xDC, 0x02, 0x09, 0x83,
    0x39, 0xC8, 0x18, 0x9C, 0x93, 0x50, 0x98, 0x28, 0xF0, 0x32, 0x10, 0x9B,
    0xEC, 0xA8, 0x37, 0x11, 0x18, 0xBD, 0x91, 0x11, 0x11, 0x0B, 0xFA, 0x02,
    0x41, 0x10, 0x0C, 0xC9, 0x12, 0x22, 0x29, 0xDB, 0xB8, 0x31, 0x13, 0x41,
    0x8B, 0xA1, 0x8A, 0xB9, 0xAA, 0xA1, 0x73, 0x95, 0x31, 0x9A, 0xB9, 0xDC,
    0xA8, 0x44, 0x20, 0x13, 0x0B, 0xCA, 0xBA, 0x02, 0x21, 0xCA, 0x44, 0x71,
    0x09, 0xCE, 0xA9, 0x12, 0x55, 0x10, 0x8B, 0xDB, 0x91, 0x23, 0x23, 0x89,
    0xBC, 0x92, 0x32, 0x19, 0x8E, 0xB9, 0x02, 0x33, 0x29, 0xDC, 0x91, 0x14,
    0x22, 0x1C, 0xEA, 0x80, 0x7F, 0x23, 0x14, 0x18, 0xAA, 0xAC, 0xCA, 0x03,
    0x36, 0x31, 0x8B, 0xB9, 0x08, 0x8D, 0x92, 0x21, 0x13, 0x22, 0x0C, 0xED,
    0xA8, 0x28, 0x22, 0x63, 0x18, 0xAC, 0xBC, 0x90, 0x22, 0x33, 0x08, 0xB8,
    0x3B, 0xC0, 0x40, 0xDC, 0x82, 0x23, 0x24, 0x0A, 0xEC, 0xA0, 0x33, 0x31,
    0x9D, 0xA9, 0x90, 0x45, 0x20, 0xBB, 0xB0, 0x12, 0x00, 0xAB, 0xA0, 0x65,
    0x20, 0xBB, 0xB9, 0x00, 0x13, 0x19, 0xB0, 0x77, 0x0B, 0xAA, 0x89, 0x02,
    0x62, 0x01, 0x08, 0xDC, 0x98, 0x22, 0x88, 0x12, 0x11, 0x13, 0x8D, 0xCC,
    0xA0, 0x10, 0x31, 0x82, 0x44, 0x0B, 0xDB, 0x9B, 0x82, 0x72, 0x31, 0xBB,
    0xA8, 0x01, 0x29, 0x8E, 0xB8, 0x25, 0x43, 0x89, 0xBD, 0x9A, 0x84, 0x22,
    0x18, 0x80, 0xA9, 0xF8, 0xB1, 0x84, 0x42, 0x19, 0x09, 0xCA, 0x88, 0x10,
    0x01, 0x12, 0x30, 0x01, 0xEA, 0xC9, 0x98, 0x45, 0x11, 0x0B, 0x0C, 0xA0,
    0x7F, 0x90, 0x20, 0x12, 0x00, 0x1A, 0x0A, 0x90, 0x10, 0x03, 0x1C, 0x98,
    0x79, 0x88, 0x00, 0x9A, 0xB8, 0x13, 0x02, 0x39, 0xAA, 0x90, 0x08, 0x13,
    0x19, 0xAB, 0x80, 0x11, 0x00, 0x89, 0x89, 0x28, 0x80, 0x01, 0x0A, 0x92,
    0x20, 0xCB, 0x90, 0x03, 0x22, 0x0A, 0xAA, 0x02, 0x00, 0x00, 0x80, 0x12,
    0x0A, 0xB9, 0x81, 0x01, 0x10, 0xBA, 0x82, 0x32, 0x00, 0x88, 0xBB, 0x98,
    0x11, 0x23, 0x99, 0x90, 0x80, 0x88, 0x80, 0x80, 0xA0, 0x08, 0x11, 0x00,
    0x99, 0x90, 0x90, 0x21, 0x28, 0xAA, 0x80, 0x11, 0x10, 0x99, 0x88, 0x82,
    0x11, 0x89, 0x8A, 0x91, 0x01, 0x00, 0x01, 0x89, 0x88, 0xA9, 0x22, 0x08,
    0x88, 0x09, 0x80, 0x00, 0x08, 0x99, 0x80, 0x80, 0x22, 0x08, 0xB9, 0xA0,
    0x10, 0x02, 0x18, 0xA9, 0x08, 0x01, 0x30, 0xAA, 0x90, 0x01, 0x21, 0x09,
    0x99, 0x99, 0x10, 0x11, 0x00, 0x89, 0x88, 0x80, 0x6C, 0x01, 0x00, 0x00,
    0xA9, 0x98, 0x90, 0x11, 0x10, 0x09, 0x80, 0x90, 0x80, 0x09, 0xA9, 0x90,
    0x14, 0x32, 0x19, 0xBC, 0xB8, 0x03, 0x41, 0x99, 0x98, 0x81, 0x22, 0x28,
    0xBD, 0xA9, 0x03, 0x44, 0x19, 0xAB, 0xC0, 0x02, 0x32, 0x8B, 0xBA, 0x90,
    0x23, 0x40, 0x8B, 0x9A, 0xA8, 0x13, 0x30, 0x8A, 0x9A, 0x90, 0x32, 0x28,
    0x9A, 0xA8, 0x01, 0x31, 0x89, 0x99, 0x80, 0x20, 0x00, 0x80, 0x99, 0x90,
    0x08, 0x10, 0x08, 0x08, 0x80, 0x02, 0x09, 0x99, 0x99, 0x02, 0x21, 0x89,
    0x99, 0xA0, 0x11, 0x11, 0x09, 0x9A, 0x81, 0x11, 0x08, 0x88, 0x80, 0x80,
    0x08, 0x88, 0x00, 0x08, 0x88, 0x08, 0x00, 0x00, 0x09, 0x88, 0x80, 0x00,
    0x00, 0x88, 0x08, 0x80, 0x80, 0x08, 0x80, 0x80, 0x80, 0x00, 0x00, 0x00,
    0x7F, 0x00, 0x80, 0x80, 0x80, 0x80, 0x80, 0x80, 0x80, 0x08, 0x88, 0x00,
    0x09, 0x2C, 0x28, 0x01, 0x89, 0x80, 0x28, 0x89, 0xA1, 0x01, 0x88, 0x81,
    0x00, 0x98, 0x1B, 0x38, 0x08, 0x00, 0x99, 0x39, 0x2B, 0xB3, 0x10, 0x09,
    0x09, 0x10, 0x99, 0x81, 0x28, 0x90, 0x09, 0x04, 0x72, 0xF4, 0x09, 0x90,
    0x0B, 0x16, 0xBC, 0xB1, 0x80, 0x85, 0x9D, 0x2B, 0x84, 0xA5, 0xC1, 0x89,
    0xDB, 0xC3, 0x62, 0x43, 0x11, 0x88, 0x09, 0x0B, 0x88, 0xBA, 0x8F, 0xFA,
    0x90, 0x02, 0x00, 0x89, 0x30, 0xAA, 0xBB, 0xD0, 0x38, 0x25, 0x23, 0x87,
    0x24, 0x01, 0x00, 0xB9, 0xC9, 0xA9, 0x90, 0x24, 0x20, 0x00, 0x93, 0xBF,
    0x9C, 0xA9, 0x80, 0x02, 0x08, 0x50, 0x31, 0x11, 0x8C, 0x9A, 0xEA, 0x89,
    0x94, 0x41, 0x12, 0x09, 0xB9, 0x1B, 0xD4, 0x88, 0x31, 0x19, 0x50, 0x03,
    0x09, 0xC8, 0x88, 0xD1, 0x8A, 0x30, 0x09, 0xA1, 0x7F, 0xCB, 0xB8, 0x04,
    0x69, 0x80, 0x51, 0x01, 0xFF, 0x84, 0x8C, 0x10, 0x3F, 0x48, 0x92, 0x89,
    0x4A, 0xAA, 0x79, 0x91, 0x09, 0x82, 0x8B, 0x13, 0xF2, 0x89, 0x82, 0x0A,
    0x04, 0xC1, 0x39, 0xA1, 0x52, 0xA9, 0x1C, 0x01, 0x2A, 0xC6, 0x89, 0x81,
    0xB0, 0x0C, 0xA2, 0x0D, 0x22, 0x89, 0x37, 0xA4, 0xF4, 0xC2, 0x90, 0x1A,
    0x00, 0x2A, 0x89, 0x5A, 0x09, 0x4A, 0x19, 0x0A, 0x00, 0x11, 0xF0, 0x81,
    0x00, 0x00, 0x82, 0x89, 0x2D, 0x8A, 0x28, 0x51, 0x09, 0x29, 0xA2, 0x90,
    0xC4, 0x2B, 0x81, 0xC9, 0x3B, 0xA3, 0x79, 0x80, 0x8B, 0x01, 0xE0, 0xA3,
    0x9A, 0x48, 0x00, 0x40, 0x4B, 0x2A, 0xA0, 0xD9, 0x8C, 0x84, 0x11, 0x02,
    0x00, 0x98, 0xDB, 0x92, 0x35, 0x07, 0x08, 0x09, 0x98, 0x88, 0x2A, 0x59,
    0x1B, 0x99, 0x0F, 0xA2, 0x18, 0xA7, 0x1B, 0x12, 0xA1, 0xA2, 0x06, 0xE1,
    0xA8, 0x8A, 0x68, 0x02, 0x7F, 0x09, 0xA4, 0xA8, 0xA0, 0x29, 0x3D, 0x88,
    0x99, 0x27, 0xA4, 0x89, 0x01, 0x09, 0xB0, 0xC9, 0x2D, 0x20, 0x28, 0x33,
    0xCE, 0x28, 0xC1, 0x82, 0x02, 0x39, 0x8A, 0x08, 0xC8, 0x27, 0x20, 0xA0,
    0x8B, 0x98, 0xC9, 0x48, 0xA9, 0x2A, 0x13, 0x0E, 0x51, 0x00, 0x29, 0x00,
    0x99, 0x99, 0xD0, 0x99, 0xC1, 0x4B, 0xA3, 0x8C, 0x81, 0x8C, 0x54, 0xC2,
    0x00, 0xA3, 0x1B, 0x82, 0x4E, 0x20, 0x10, 0x10, 0xAD, 0x98, 0xA3, 0xC1,
    0x18, 0x21, 0x80, 0xA0, 0x98, 0x12, 0x02, 0xA9, 0x99, 0x89, 0x11, 0x20,
    0x29, 0x81, 0x00, 0xC9, 0xA0, 0x90, 0x12, 0x19, 0x32, 0x80, 0x80, 0xA1,
    0x09, 0x08, 0x88, 0x0C, 0x00, 0x2A, 0x14, 0x08, 0x08, 0xB1, 0x88, 0xA0,
    0x1A, 0xA8, 0x00, 0x91, 0x0A, 0x43, 0x2D, 0x11, 0xE8, 0x1A, 0xA3, 0x2A,
    0x87, 0x88, 0x82, 0x02, 0x0A, 0x03, 0x2D, 0x80, 0xBC, 0x19, 0x88, 0x68,
    0x7F, 0x03, 0xA9, 0x00, 0x99, 0x08, 0xB2, 0x09, 0xD3, 0x0A, 0x04, 0x18,
    0x10, 0x98, 0x2C, 0x08, 0x21, 0x01, 0xA9, 0x03, 0x8A, 0x21, 0x00, 0x09,
    0xA8, 0x9A, 0x08, 0x81, 0x81, 0xA8, 0x08, 0x98, 0x2B, 0x02, 0x19, 0x12,
    0xAA, 0x09, 0x01, 0x19, 0x93, 0x08, 0x00, 0xA2, 0x18, 0x93, 0x0A, 0x0A,
    0xFF, 0x5A, 0x29, 0x4F, 0x38, 0x01, 0x02, 0x03, 0x48, 0x98, 0xFC, 0xA9,
    0xAC, 0x29, 0xD5, 0x00, 0x14, 0x00, 0x20, 0x99, 0x9E, 0x00, 0xA8, 0x85,
    0x18, 0x30, 0xA8, 0x99, 0xC8, 0xBB, 0x91, 0x81, 0x62, 0x03, 0x71, 0x81,
    0x8A, 0x99, 0xAC, 0x80, 0x90, 0x78, 0x82, 0x1B, 0x08, 0xBB, 0x8B, 0xC9,
    0x31, 0x15, 0x31, 0x33, 0xAB, 0x1B, 0xF8, 0x8A, 0x13, 0x18, 0x31, 0x92,
    0xCA, 0xCA, 0xBA, 0x89, 0x37, 0x39, 0x71, 0x18, 0x32, 0xC9, 0x0B, 0x90,
    0xBB, 0x64, 0x91, 0x29, 0xB9, 0xBE, 0xA9, 0xA9, 0x7F, 0x34, 0x16, 0x30,
    0x22, 0x3B, 0x8A, 0xFA, 0x9B, 0xA9, 0x02, 0x52, 0x23, 0x10, 0x9E, 0xBB,
    0xBC, 0x80, 0x32, 0x45, 0x21, 0x10, 0x9A, 0x9B, 0xC9, 0xB9, 0xB0, 0x13,
    0x70, 0x02, 0x3B, 0xCA, 0x89, 0x84, 0x95, 0x61, 0x13, 0x29, 0x90, 0xCC,
    0x8A, 0xC8, 0x28, 0x82, 0x38, 0x23, 0xA9, 0x8B, 0xD8, 0x9C, 0xA4, 0x99,
    0x33, 0x04, 0x49, 0x03, 0x9D, 0x89, 0xE9, 0x8A, 0x01, 0x21, 0x46, 0x88,
    0x19, 0xB8, 0xAC, 0x94, 0x98, 0x31, 0xA9, 0x0A, 0x91, 0x19, 0x34, 0xA0,
    0x22, 0x85, 0x22, 0x43, 0x0C, 0x18, 0xEB, 0x9A, 0xB0, 0x8B, 0x82, 0x1A,
    0x13, 0x02, 0x43, 0x82, 0x2B, 0x21, 0x90, 0x22, 0xA8, 0x0D, 0xB8, 0xBB,
    0x90, 0x00, 0x11, 0xA0, 0x09, 0x90, 0x4A, 0x44, 0x81, 0x11, 0x99, 0xAC,
    0x8B, 0xA9, 0x9A, 0x09, 0xA0, 0x24, 0x00, 0x50, 0x32, 0x98, 0x81, 0xA0,
    0x09, 0x69, 0x31, 0xE2, 0x7F, 0xA4, 0x8A, 0x0E, 0x00, 0x98, 0xA9, 0x92,
    0x14, 0x02, 0x02, 0x78, 0x10, 0xB9, 0x92, 0x10, 0x19, 0x41, 0x09, 0xDB,
    0xBA, 0xA8, 0xBB, 0x81, 0x90, 0x00, 0x11, 0x43, 0x94, 0x29, 0xAC, 0xB7,
    0xC0, 0x7F, 0x39, 0x97, 0xA4, 0xA0, 0x18, 0x1D, 0x19, 0xC2, 0xC0, 0x90,
    0x2A, 0x40, 0x03, 0x28, 0x02, 0x1C, 0x89, 0xCA, 0x92, 0x93, 0x58, 0x22,
    0x0A, 0xA9, 0xFA, 0x90, 0xC0, 0x1A, 0x33, 0x51, 0x23, 0x92, 0x29, 0xBF,
    0x89, 0x91, 0x0A, 0x84, 0x19, 0x50, 0xC0, 0x9A, 0xC8, 0xAB, 0x12, 0x28,
    0x45, 0x82, 0x28, 0x91, 0x8E, 0x00, 0xB1, 0x01, 0x22, 0x2B, 0x29, 0xC8,
    0xDA, 0xB9, 0x19, 0x12, 0x17, 0x43, 0x81, 0x2B, 0x22, 0xC9, 0x10, 0xC4,
    0x1B, 0x04, 0x8B, 0x99, 0xFB, 0x0B, 0xB2, 0x21, 0x56, 0x11, 0x10, 0x98,
    0x9D, 0xB9, 0xAA, 0x81, 0x10, 0x72, 0x21, 0x09, 0xCB, 0xBD, 0xA9, 0x02,
    0x7F, 0x24, 0x33, 0x34, 0x00, 0xA9, 0xBD, 0xAB, 0x9D, 0x12, 0x13, 0x31,
    0x21, 0x0C, 0x8A, 0xB2, 0x12, 0x23, 0x61, 0x23, 0xA8, 0x09, 0xCB, 0xCB,
    0xA1, 0x89, 0x20, 0x21, 0x21, 0xA8, 0xAB, 0x9B, 0x0E, 0x18, 0x03, 0x21,
    0x24, 0x20, 0x2B, 0xCA, 0x8C, 0xA8, 0xB9, 0x01, 0x00, 0x78, 0x82, 0xA8,
    0xB0, 0xBA, 0x28, 0x18, 0x42, 0x94, 0x08, 0x00, 0x8A, 0x0E, 0xF8, 0x7A,
    0x38, 0xB7, 0x94, 0xA2, 0x1F, 0x49, 0x80, 0xA1, 0xA8, 0xA8, 0x8C, 0x59,
    0x84, 0x80, 0x11, 0x00, 0x29, 0xC0, 0x8A, 0x98, 0x18, 0x16, 0x88, 0x3A,
    0xB0, 0x9D, 0xA0, 0xCA, 0x20, 0x01, 0x63, 0x03, 0x28, 0x08, 0x8B, 0xB1,
    0xEA, 0x18, 0x00, 0x29, 0x06, 0x99, 0x8A, 0xBC, 0x89, 0xA0, 0x50, 0x16,
    0x18, 0x12, 0x0B, 0x2A, 0xB0, 0x88, 0x92, 0x29, 0x11, 0x8A, 0x88, 0xA9,
    0x9A, 0xB2, 0x88, 0x01, 0x33, 0x22, 0x58, 0xB3, 0x7F, 0x0E, 0x00, 0xAA,
    0x20, 0xB0, 0x3A, 0xBA, 0x8C, 0xC1, 0x99, 0x62, 0x22, 0x61, 0x82, 0x8B,
    0x8B, 0xCD, 0x9A, 0xA8, 0x01, 0x05, 0x40, 0x13, 0x9A, 0x99, 0xD8, 0x01,
    0x13, 0x61, 0x13, 0x08, 0x09, 0xAC, 0x9C, 0xAA, 0xA9, 0x91, 0x08, 0x11,
    0x00, 0x12, 0x01, 0x32, 0x03, 0x30, 0x00, 0x8A, 0x89, 0xBB, 0xAA, 0xA9,
    0x09, 0x80, 0x10, 0x03, 0xAA, 0xDF, 0x24, 0xD3, 0xB9, 0x7B, 0x79, 0x01,
    0x94, 0x90, 0x89, 0x0C, 0x8B, 0x09, 0xC2, 0x90, 0x42, 0x08, 0x15, 0x81,
    0x0B, 0x98, 0x0A, 0x90, 0xB4, 0x52, 0x03, 0x2C, 0x98, 0xBE, 0xA8, 0xB8,
    0x13, 0x13, 0x41, 0x42, 0x29, 0xB0, 0xDB, 0x9C, 0xB0, 0x31, 0x24, 0x30,
    0x43, 0x8D, 0x8A, 0xCA, 0x9B, 0xC2, 0x21, 0x23, 0x00, 0x28, 0xD1, 0xAE,
    0x18, 0xA8, 0x34, 0x94, 0x32, 0x01, 0x3C, 0xB0, 0xC9, 0xB0, 0x11, 0x0A,
    0x70, 0xA3, 0x0B, 0xA1, 0x7F, 0x0C, 0x82, 0x84, 0x34, 0x10, 0x28, 0xAA,
    0xCB, 0xAC, 0x90, 0x30, 0x25, 0x22, 0x29, 0xFC, 0x29, 0xF2, 0xC8, 0x10,
    0x38, 0x68, 0x31, 0xA4, 0xAB, 0x8D, 0xBA, 0x8B, 0x03, 0xC6, 0x39, 0x13,
    0x10, 0x81, 0xBC, 0xAA, 0x8B, 0x02, 0x26, 0x42, 0x22, 0xBD, 0x08, 0xC9,
    0x9A, 0x81, 0x22, 0x03, 0x25, 0x40, 0x89, 0x09, 0xBB, 0xCA, 0x84, 0x28,
    0x32, 0x21, 0x09, 0xF9, 0x9D, 0x99, 0x0A, 0x15, 0x01, 0x11, 0x80, 0x3B,
    0xC9, 0xBA, 0x82, 0x81, 0x30, 0x33, 0x0A, 0xB0, 0x9A, 0x98, 0xD8, 0x40,
    0x10, 0x21, 0x21, 0x22, 0xA8, 0x89, 0x89, 0x00, 0x05, 0x30, 0x01, 0x9A,
    0x9A, 0xFC, 0xA1, 0x09, 0x5B, 0x43, 0x97, 0x03, 0x90, 0x1A, 0x1D, 0xA9,
    0xE8, 0x90, 0xA8, 0x3A, 0x34, 0x98, 0x41, 0x92, 0x3A, 0xB9, 0x19, 0xA2,
    0x30, 0x47, 0x28, 0x1C, 0xC9, 0x9C, 0x99, 0xC8, 0x12, 0x00, 0x52, 0x25,
    0x7F, 0x10, 0x02, 0x89, 0x8A, 0xB8, 0x18, 0x88, 0x08, 0x03, 0xBB, 0xAA,
    0xCA, 0x8C, 0xB0, 0x20, 0x13, 0x10, 0x14, 0x01, 0x18, 0x01, 0x91, 0x89,
    0x00, 0x09, 0x9B, 0xBB, 0xA6, 0xC0, 0x8B, 0x7A, 0x49, 0x05, 0xB5, 0x98,
    0x19, 0x8A, 0x0B, 0xA3, 0xE1, 0x09, 0x31, 0x00, 0x22, 0x29, 0x11, 0xCB,
    0x00, 0xB9, 0x51, 0x03, 0x31, 0xAB, 0xCD, 0xA8, 0xB8, 0x81, 0x35, 0x30,
    0x30, 0x32, 0x00, 0xB8, 0x0B, 0xA9, 0xA9, 0x81, 0x08, 0x00, 0x09, 0x19,
    0xBA, 0x9A, 0x88, 0xC8, 0x07, 0x82, 0x5C, 0x20, 0x10, 0x81, 0xD5, 0xA0,
    0x0B, 0x2B, 0x99, 0xB1, 0xC3, 0xA9, 0x60, 0x23, 0x10, 0x33, 0x88, 0x0B,
    0xA0, 0xD0, 0x08, 0x00, 0x01, 0x11, 0x9A, 0xC9, 0x9B, 0x8A, 0xB1, 0x42,
    0x42, 0x34, 0x24, 0x08, 0xAC, 0xAB, 0xEB, 0xA9, 0x91, 0x23, 0x12, 0x21,
    0x1A, 0x8B, 0xB0, 0x80, 0x12, 0x34, 0x41, 0x28, 0x7F, 0xA9, 0xBE, 0xAC,
    0xB9, 0x90, 0x81, 0x34, 0x43, 0x31, 0x10, 0x08, 0x08, 0x81, 0x11, 0x11,
    0x01, 0x89, 0xB9, 0xAB, 0xAA, 0xB9, 0x90, 0x10, 0x33, 0x12, 0x30, 0x08,
    0x88, 0x80, 0x98, 0x00, 0x80, 0x08, 0x8A, 0x9A, 0xAA, 0xAA, 0x08, 0x02,
    0x12, 0x12, 0x21, 0x00, 0x90, 0xA8, 0x88, 0x88, 0x00, 0x18, 0x08, 0x98,
    0xA9, 0x98, 0x00, 0x11, 0x12, 0x31, 0x11, 0x18, 0x08, 0x99, 0x98, 0xA8,
    0x89, 0x09, 0x08, 0x00, 0x80, 0x00, 0x80, 0x80, 0x00, 0x02, 0x12, 0x01,
    0x09, 0x99, 0xAA, 0x9A, 0x99, 0x98, 0x00, 0x80, 0x10, 0x01, 0x01, 0x81,
    0x08, 0x10, 0x08, 0x00, 0x08, 0x90, 0x98, 0x99, 0x89, 0x88, 0x80, 0x80,
    0x00, 0x01, 0x01, 0x01, 0x10, 0x11, 0x10, 0x00, 0x08, 0x88, 0x99, 0x8A,
    0x99, 0xA8, 0x80, 0x80, 0x20, 0x11, 0x01, 0x90, 0x88, 0x88, 0x00, 0x08,
    0x00, 0x88, 0x88, 0x88, 0x2F, 0x89, 0x88, 0x89, 0x08, 0x00, 0x00, 0x11,
    0x01, 0x80, 0x89, 0x88, 0x98, 0x88, 0x00, 0x80, 0x00, 0x80, 0x80, 0x00,
    0x00, 0x00, 0x00, 0x00, 0x80, 0x80, 0x88, 0x88, 0x80, 0x88, 0x80, 0x80,
    0x80, 0x80, 0x80, 0x08, 0x00, 0x80, 0x80, 0x80, 0x80, 0x80, 0x88, 0x08,
    0x08, 0x08, 0x08, 0x08, 0x00, 0x00, 0x00, 0x00, 0x00, 0x00, 0x00, 0x00,
    0x00, 0x00, 0x00, 0x00, 0x00, 0x00, 0x00, 0x00, 0x7F, 0x00, 0x80, 0x80,
    0x80, 0x80, 0x80, 0x80, 0x80, 0x80, 0x80, 0x80, 0x80, 0x80, 0x80, 0x80,
    0x80, 0x80, 0x88, 0x08, 0x00, 0x80, 0x88, 0x00, 0x88, 0x00, 0x80, 0x80,
    0x80, 0x08, 0x88, 0x00, 0x91, 0x88, 0x00, 0x80, 0x00, 0xA1, 0x0A, 0x92,
    0x2A, 0x80, 0x18, 0x09, 0x81, 0x08, 0x80, 0x09, 0x92, 0x19, 0xA0, 0x00,
    0x90, 0x03, 0xA9, 0x01, 0x99, 0x3D, 0x53, 0xEB, 0x38, 0xA8, 0x78, 0x80,
    0x19, 0x83, 0x89, 0x34, 0xAB, 0x98, 0x8B, 0x3A, 0x82, 0x1B, 0x02, 0xAF,
    0x11, 0x09, 0x98, 0x34, 0x9A, 0xA2, 0x0D, 0xA2, 0x69, 0x00, 0x89, 0x82,
    0x00, 0x89, 0x08, 0x81, 0x29, 0xB3, 0x98, 0x28, 0x88, 0x08, 0x28, 0xE0,
    0x10, 0x83, 0x9B, 0x01, 0x09, 0x91, 0x30, 0xB2, 0x0A, 0xA3, 0x80, 0x88,
    0x2A, 0x21, 0x08, 0xD8, 0x08, 0xA9, 0x58, 0xA8, 0x23, 0xA1, 0x28, 0xB0,
    0x10, 0x08, 0x1A, 0x00, 0x7F, 0x98, 0x02, 0x00, 0x90, 0x08, 0x88, 0x01,
    0xFA, 0x30, 0xF4, 0x9B, 0x03, 0x4B, 0x14, 0x8F, 0x02, 0x88, 0x09, 0x19,
    0xA8, 0x03, 0x09, 0x03, 0x3E, 0x10, 0x00, 0xD0, 0x09, 0x14, 0xD2, 0x19,
    0xA0, 0x29, 0x91, 0x5A, 0xA0, 0x30, 0x20, 0xAB, 0xA0, 0x24, 0x0A, 0x80,
    0x9D, 0x82, 0x08, 0xA0, 0x24, 0x0C, 0x82, 0x0D, 0x10, 0x02, 0x3F, 0x91,
    0x21, 0x99, 0x22, 0x0A, 0x98, 0x0A, 0x05, 0xC8, 0x08, 0x82, 0x29, 0x80,
    0x11, 0x0C, 0xB0, 0x2B, 0x1A, 0x17, 0x89, 0xC1, 0x48, 0xA0, 0x00, 0x8D,
    0x30, 0x81, 0x5A, 0xA0, 0xBD, 0x9B, 0x24, 0x11, 0x34, 0x39, 0xC1, 0x0B,
    0x90, 0x9A, 0x1A, 0x02, 0xB5, 0x79, 0xC8, 0x3A, 0x03, 0x2F, 0xA2, 0x01,
    0x58, 0xA2, 0x0B, 0xA1, 0x81, 0xBF, 0x03, 0x20, 0x8A, 0x9D, 0x26, 0x1C,
    0x81, 0x09, 0x00, 0xB3, 0x38, 0xDA, 0xC2, 0x42, 0x9F, 0x12, 0x0C, 0x01,
    0x7F, 0x09, 0x90, 0x38, 0x80, 0x2A, 0x8C, 0x45, 0xCA, 0x20, 0x03, 0xD0,
    0x11, 0x12, 0xF9, 0x09, 0x94, 0xA1, 0x8A, 0x14, 0x58, 0xA0, 0x0B, 0xB8,
    0x33, 0x08, 0xA0, 0x20, 0x71, 0xDA, 0x21, 0xC1, 0x38, 0xF2, 0x19, 0xBD,
    0x23, 0x08, 0x0D, 0x21, 0x08, 0x9A, 0x31, 0x40, 0xFA, 0x38, 0x83, 0x9D,
    0x90, 0x22, 0x09, 0x91, 0x0B, 0x7D, 0x93, 0x3B, 0x11, 0xAF, 0x02, 0x83,
    0x3B, 0xAC, 0x02, 0x0A, 0x89, 0x00, 0x14, 0x73, 0x9B, 0xC2, 0x0A, 0xC9,
    0x25, 0x0B, 0xD8, 0x04, 0x49, 0xB4, 0x18, 0xBB, 0x25, 0x9B, 0x35, 0xE2,
    0xA0, 0x10, 0xC0, 0x40, 0x98, 0xA1, 0x0B, 0xC8, 0x71, 0xAA, 0x03, 0x82,
    0x1A, 0xC1, 0xD2, 0x60, 0x8A, 0x88, 0x89, 0x50, 0xCA, 0x23, 0x2D, 0x94,
    0x29, 0x9B, 0xA8, 0x12, 0x03, 0x4E, 0x88, 0x32, 0xCB, 0x12, 0x09, 0x94,
    0x1F, 0x96, 0x2C, 0xA0, 0x23, 0x9B, 0x02, 0x19, 0x7F, 0x2A, 0xA8, 0x82,
    0xCA, 0x57, 0xA2, 0x90, 0x19, 0xC1, 0x88, 0x01, 0xB1, 0x51, 0xB8, 0x03,
    0x3C, 0xF5, 0x3B, 0xF8, 0x11, 0x01, 0x1C, 0xB2, 0x20, 0xAA, 0x02, 0x88,
    0x2C, 0x71, 0x9B, 0x91, 0x90, 0x20, 0x15, 0x98, 0x8F, 0xA3, 0x88, 0x5B,
    0x50, 0x08, 0x9C, 0x19, 0x91, 0x11, 0x18, 0xA1, 0xBB, 0x34, 0x36, 0xE8,
    0x88, 0x92, 0x8F, 0x03, 0xA8, 0x70, 0x80, 0x39, 0xBA, 0x08, 0x80, 0x99,
    0x03, 0xAB, 0xA8, 0x44, 0x4B, 0xD9, 0x71, 0x88, 0x18, 0xF0, 0x00, 0x12,
    0x81, 0x80, 0x0D, 0xA8, 0x80, 0x13, 0x89, 0x90, 0x7C, 0x92, 0x0F, 0x11,
    0x20, 0x90, 0x1A, 0xA9, 0xA8, 0x12, 0x0B, 0x95, 0x50, 0xBB, 0x82, 0xCC,
    0x27, 0x29, 0x90, 0x24, 0xDA, 0x13, 0x0D, 0x00, 0xCC, 0x50, 0x80, 0x19,
    0x04, 0x09, 0x3C, 0x91, 0x8E, 0xE8, 0x59, 0x91, 0x13, 0x1A, 0xA1, 0xB7,
    0x9B, 0x01, 0x20, 0xBA, 0x7F, 0x34, 0xA9, 0x98, 0x94, 0x48, 0xCB, 0x48,
    0x99, 0x81, 0x82, 0x12, 0x3F, 0x82, 0x08, 0x62, 0xBC, 0x91, 0xA0, 0x90,
    0x10, 0x64, 0xAA, 0x15, 0xD8, 0x18, 0xA9, 0x07, 0x8B, 0x04, 0x88, 0x98,
    0x40, 0x90, 0x1A, 0x88, 0xA9, 0x41, 0xA0, 0x99, 0x5C, 0x12, 0x0A, 0xD2,
    0x10, 0x9F, 0x30, 0xA8, 0x30, 0x91, 0x00, 0x2F, 0xB3, 0x19, 0x29, 0x80,
    0x22, 0xE3, 0x8C, 0x95, 0xB2, 0x89, 0x01, 0x09, 0x81, 0x11, 0x1B, 0x37,
    0xF0, 0x08, 0xA0, 0x00, 0x20, 0xA8, 0x00, 0x89, 0x02, 0x5B, 0x86, 0x8E,
    0x81, 0x10, 0xE0, 0x10, 0x19, 0x81, 0x41, 0xBA, 0x18, 0x13, 0x8F, 0x92,
    0x30, 0xE4, 0x9A, 0xA4, 0x38, 0x09, 0xD1, 0x80, 0x08, 0x31, 0xF9, 0x10,
    0x8C, 0x38, 0xB8, 0x71, 0x90, 0x8C, 0x40, 0x89, 0x10, 0xD8, 0x10, 0x13,
    0xB8, 0x08, 0xA3, 0x8E, 0x93, 0x83, 0xAA, 0x27, 0x8C, 0x02, 0x09, 0xA0,
    0x7F, 0x29, 0xF9, 0x32, 0x01, 0x6D, 0x90, 0x10, 0xA0, 0x30, 0xA1, 0x79,
    0xF9, 0x69, 0x80, 0x08, 0xA0, 0x21, 0x89, 0x5A, 0x98, 0x12, 0xA0, 0x09,
    0xF3, 0x10, 0x9C, 0x13, 0x98, 0x08, 0xC8, 0x00, 0x02, 0xBB, 0x75, 0x8C,
    0x11, 0x8A, 0x91, 0x32, 0x9C, 0x18, 0xFA, 0x16, 0xA0, 0x00, 0x8A, 0x18,
    0x92, 0x70, 0x88, 0x09, 0xA7, 0x8B, 0xAA, 0x03, 0x91, 0x78, 0x90, 0x00,
    0x85, 0x89, 0xA9, 0x2B, 0x82, 0x09, 0x73, 0xA0, 0x0E, 0x2A, 0xA0, 0x19,
    0x32, 0x8B, 0xB5, 0xAA, 0x80, 0xD4, 0x01, 0x9C, 0x58, 0x90, 0x39, 0x11,
    0xB9, 0x1B, 0x95, 0x1A, 0x99, 0x78, 0x92, 0xA5, 0x99, 0x89, 0x35, 0xBC,
    0x98, 0x90, 0x63, 0x8A, 0x1A, 0x91, 0x4B, 0x98, 0x11, 0x18, 0xBC, 0x07,
    0xB9, 0x12, 0x09, 0xC7, 0x1C, 0x01, 0x1A, 0x98, 0x31, 0x2B, 0xF9, 0x48,
    0xA1, 0x35, 0x98, 0x9A, 0xD8, 0x21, 0x88, 0x18, 0x7F, 0x38, 0xA8, 0x1A,
    0x13, 0x45, 0xF9, 0x22, 0x84, 0xBC, 0x23, 0xF2, 0xC9, 0x11, 0xA1, 0x04,
    0x1B, 0xD0, 0x02, 0x39, 0x8A, 0x00, 0x19, 0xC0, 0x12, 0x11, 0xC8, 0xAF,
    0x71, 0x89, 0x88, 0x8B, 0x81, 0x05, 0x04, 0x1A, 0xC1, 0xA9, 0x01, 0x71,
    0xAC, 0x90, 0x30, 0x80, 0x18, 0x98, 0x98, 0x10, 0xAA, 0x27, 0xB2, 0x81,
    0x29, 0x99, 0x89, 0xA2, 0x97, 0x1A, 0xC0, 0x89, 0xB8, 0x79, 0x83, 0x50,
    0x09, 0x89, 0xBB, 0xA3, 0x72, 0x90, 0xF8, 0x22, 0x1B, 0xC1, 0x1A, 0x87,
    0xAB, 0x14, 0x90, 0xA1, 0x3D, 0x00, 0x80, 0x9F, 0x03, 0x99, 0x70, 0xA2,
    0x1A, 0xB3, 0x01, 0x28, 0x0F, 0x91, 0x09, 0xA9, 0x33, 0xA5, 0x89, 0x9A,
    0x78, 0xA8, 0x18, 0x91, 0x08, 0x23, 0x0C, 0xD1, 0x5D, 0x02, 0x0A, 0xA4,
    0x19, 0x80, 0xB1, 0x32, 0x09, 0xC8, 0x20, 0xAB, 0xB2, 0x08, 0x38, 0xF0,
    0x30, 0xC1, 0xB5, 0x49, 0x7F, 0x29, 0xBC, 0x92, 0x15, 0x0A, 0xEA, 0x20,
    0x23, 0x1F, 0x83, 0x29, 0xB8, 0x20, 0x99, 0x01, 0x20, 0x05, 0xCC, 0x99,
    0x11, 0x28, 0xC8, 0x70, 0x39, 0xB0, 0x7B, 0xA9, 0x80, 0x68, 0x88, 0x81,
    0x18, 0x88, 0x01, 0xBA, 0x83, 0xA3, 0x91, 0x53, 0x9F, 0xA2, 0x4C, 0x91,
    0x01, 0x2B, 0x31, 0x09, 0xF8, 0x21, 0x1A, 0xD1, 0x30, 0x92, 0xB2, 0x98,
    0x1F, 0xA3, 0x0A, 0x84, 0xF8, 0x33, 0xE2, 0x19, 0xA9, 0x81, 0x02, 0x39,
    0x0A, 0xA8, 0x40, 0xF0, 0x19, 0xB7, 0x08, 0x02, 0x99, 0xA1, 0x4B, 0xB0,
    0x88, 0x00, 0x62, 0x31, 0xF0, 0x89, 0xA8, 0x48, 0x08, 0x98, 0x2B, 0x81,
    0x15, 0xD1, 0x29, 0xC0, 0x91, 0x20, 0xC4, 0x00, 0x8E, 0x04, 0x8A, 0x92,
    0x92, 0x09, 0x03, 0xAC, 0x85, 0x3B, 0x00, 0x11, 0x1F, 0x80, 0xAA, 0x23,
    0x71, 0xBA, 0x80, 0x8A, 0xC4, 0x11, 0x08, 0xCB, 0x33, 0x43, 0xFA, 0x20,
    0x7F, 0xAB, 0x79, 0x02, 0x28, 0xAB, 0x91, 0x1F, 0x12, 0x00, 0x02, 0x98,
    0x8B, 0x00, 0xCA, 0x34, 0x2E, 0xA0, 0x13, 0x92, 0x09, 0x82, 0xF8, 0x18,
    0x02, 0x00, 0x18, 0x0B, 0xA9, 0xA5, 0x13, 0x8E, 0x91, 0x89, 0x02, 0x5D,
    0x02, 0x09, 0xC2, 0x28, 0x9B, 0x20, 0x10, 0xA9, 0x6B, 0x93, 0x1B, 0x90,
    0x20, 0xC4, 0x00, 0x1A, 0xA1, 0x9A, 0x01, 0x98, 0x00, 0x34, 0xA9, 0x8C,
    0xC7, 0x28, 0x80, 0xB8, 0x10, 0x99, 0x86, 0x0B, 0x06, 0x9A, 0x99, 0xA7,
    0x2A, 0xA3, 0xF5, 0x89, 0x1A, 0x3A, 0x01, 0xB0, 0x9A, 0x81, 0x39, 0x8B,
    0x17, 0x7E, 0x01, 0x09, 0x92, 0x88, 0x11, 0xB4, 0x8C, 0x05, 0x89, 0x88,
    0x0D, 0xF1, 0x63, 0xC9, 0x82, 0x3A, 0xA3, 0x8E, 0x97, 0x80, 0x9A, 0x08,
    0x29, 0x92, 0x39, 0x88, 0xA8, 0x92, 0x51, 0xAA, 0xD1, 0x18, 0x10, 0x2B,
    0xA1, 0x03, 0xC0, 0x39, 0x2A, 0xB8, 0x19, 0xC7, 0x7F, 0x19, 0x89, 0x39,
    0x81, 0x2B, 0xC8, 0x20, 0xB3, 0xB0, 0x40, 0x8B, 0x80, 0x10, 0x7A, 0xD8,
    0x21, 0x30, 0xA9, 0x33, 0xFE, 0x30, 0xA2, 0x08, 0x08, 0xB1, 0x22, 0x2F,
    0x98, 0x02, 0x57, 0xCC, 0x03, 0xC1, 0x20, 0x82, 0xC8, 0x88, 0x81, 0x18,
    0x11, 0x9B, 0x21, 0xA9, 0x4A, 0x10, 0x90, 0x2E, 0x02, 0x10, 0xC0, 0x11,
    0x4E, 0x12, 0x9B, 0x8D, 0x24, 0x1B, 0x39, 0x89, 0x99, 0xD3, 0x28, 0xAB,
    0x27, 0x0C, 0x19, 0x29, 0x85, 0x81, 0xA0, 0x8B, 0x3F, 0x02, 0x10, 0xD0,
    0x00, 0x28, 0x39, 0x81, 0xE0, 0x10, 0xBC, 0x38, 0x20, 0x80, 0x83, 0x89,
    0x18, 0x98, 0x21, 0x81, 0xB9, 0x09, 0x19, 0x11, 0x9A, 0xA2, 0x00, 0x1B,
    0x25, 0xAB, 0x28, 0x80, 0x63, 0xF8, 0x82, 0x2A, 0xB6, 0x9A, 0xA2, 0x49,
    0xAA, 0x27, 0xC1, 0x29, 0xB4, 0x98, 0x90, 0x00, 0x10, 0x81, 0xAA, 0x92,
    0x1F, 0x68, 0xC8, 0x59, 0x7F, 0x08, 0x00, 0x81, 0x99, 0xA1, 0x30, 0xA8,
    0x21, 0x18, 0xFD, 0x73, 0xD8, 0x23, 0x9D, 0x18, 0x99, 0xB4, 0x93, 0x48,
    0xD8, 0x18, 0xB1, 0x68, 0x80, 0x82, 0x01, 0xAD, 0x80, 0x80, 0x00, 0xF3,
    0x09, 0x92, 0x80, 0x01, 0x0E, 0x29, 0x00, 0x01, 0x0B, 0x94, 0x89, 0x31,
    0xAB, 0xC8, 0x24, 0x12, 0xF2, 0x0A, 0x91, 0x28, 0xBD, 0x28, 0x81, 0x34,
    0xBF, 0x13, 0x9C, 0x69, 0xA0, 0x49, 0x91, 0x9A, 0x01, 0x83, 0x1B, 0x3A,
    0x03, 0x1D, 0x85, 0x1B, 0xE8, 0x21, 0xA9, 0x44, 0xC9, 0x02, 0x91, 0x01,
    0x08, 0x8A, 0xA0, 0x8B, 0x59, 0x21, 0xA0, 0x19, 0x09, 0xD2, 0x20, 0x08,
    0xB6, 0x99, 0x99, 0x21, 0xB8, 0x20, 0x80, 0x42, 0xEE, 0x83, 0x2A, 0xA0,
    0x20, 0x81, 0x1F, 0x12, 0x11, 0xE8, 0x00, 0x19, 0x12, 0x08, 0x9B, 0x00,
    0x8A, 0x09, 0x28, 0x83, 0x08, 0x20, 0xA0, 0xB9, 0x88, 0xA1, 0x39, 0x04,
    0x7F, 0x89, 0xA1, 0x19, 0x3A, 0x10, 0x82, 0x9C, 0x01, 0x00, 0xE0, 0x10,
    0x00, 0x90, 0x22, 0x09, 0x99, 0x91, 0x00, 0x08, 0x00, 0x08, 0xA9, 0x31,
    0x99, 0x80, 0x82, 0x08, 0x88, 0x80, 0x08, 0xAA, 0x20, 0xA0, 0x28, 0x20,
    0x88, 0x01, 0x98, 0x00, 0xB1, 0x00, 0x80, 0x89, 0x01, 0x02, 0x9A, 0x91,
    0x00, 0x98, 0x01, 0x0A, 0x80, 0x10, 0x19, 0x98, 0x10, 0x80, 0x80, 0x88,
    0x18, 0x00, 0x09, 0x90, 0x01, 0x89, 0x01, 0x09, 0x91, 0x08, 0x90, 0x08,
    0x80, 0x0A, 0x00, 0x18, 0x00, 0x80, 0x89, 0x00, 0x00, 0x89, 0x00, 0x00,
    0x00, 0x88, 0x00, 0x90, 0x00, 0x88, 0x88, 0x00, 0x09, 0x81, 0x00, 0x8A,
    0x00, 0x80, 0x08, 0x80, 0x00, 0x80, 0x08, 0x80, 0x90, 0x08, 0x00, 0x88,
    0x00, 0x80, 0x90, 0x00, 0x09, 0x80, 0x00, 0x88, 0x08, 0x01, 0xA8, 0x81,
    0x18, 0x88, 0x00, 0x80, 0x09, 0x80, 0x08, 0x00, 0x7F, 0x00, 0x90, 0x80,
    0x19, 0x00, 0x88, 0x88, 0x00, 0x00, 0x90, 0x08, 0x89, 0x00, 0x18, 0x88,
    0x00, 0x88, 0x00, 0x08, 0x89, 0x00, 0x00, 0x88, 0x00, 0x88, 0x08, 0x08,
    0x80, 0x00, 0x00, 0x98, 0x80, 0x00, 0x88, 0x08, 0x81, 0x08, 0x09, 0x08,
    0x80, 0x80, 0x80, 0x00, 0x08, 0x08, 0x08, 0x08, 0x88, 0x00, 0x80, 0x00,
    0x98, 0x00, 0x88, 0x18, 0x88, 0x00, 0x88, 0x80, 0x00, 0x08, 0x09, 0x00,
    0x08, 0x80, 0x90, 0x08, 0x91, 0x08, 0x08, 0x10, 0xB0, 0x10, 0x90, 0x08,
    0x88, 0x18, 0x80, 0x00, 0x80, 0x08, 0x81, 0x89, 0x00, 0x08, 0x08, 0x89,
    0x00, 0x80, 0x80, 0x00, 0x88, 0x00, 0x80, 0x80, 0x0A, 0x81, 0x00, 0x08,
    0x88, 0x98, 0x48, 0xA9, 0x10, 0xB1, 0x43, 0x0A, 0xCB, 0x99, 0xF4, 0x48,
    0x90, 0x8B, 0x77, 0xAC, 0x84, 0x30, 0xCC, 0x98, 0x88, 0x22, 0x2C, 0x37,
    0x1D, 0x08, 0x98, 0x48, 0x7F, 0x98, 0x81, 0x91, 0x88, 0x0A, 0x60, 0x99,
    0x11, 0x8A, 0xA1, 0xB5, 0x00, 0x11, 0xF2, 0x19, 0xB2, 0x82, 0x9B, 0x84,
    0x80, 0xED, 0x37, 0x1C, 0xA3, 0x19, 0x08, 0xA1, 0x3B, 0x92, 0x0D, 0x19,
    0x26, 0x8A, 0x90, 0x18, 0x80, 0x82, 0x2B, 0xF1, 0x32, 0x8B, 0x98, 0x00,
    0x99, 0x8D, 0x82, 0xA7, 0x2A, 0x80, 0xC6, 0x0A, 0xB1, 0x11, 0x88, 0x28,
    0xB9, 0x64, 0x8D, 0x1A, 0x91, 0x48, 0xAB, 0x84, 0x70, 0xBA, 0x01, 0x11,
    0xBC, 0x05, 0x2B, 0xB8, 0x39, 0x04, 0x3B, 0xF2, 0x19, 0xA4, 0x0B, 0x91,
    0x2A, 0x10, 0x12, 0x3F, 0xC9, 0x17, 0x2F, 0x02, 0x0B, 0x8A, 0x86, 0x3A,
    0xB1, 0x19, 0x93, 0xBA, 0x93, 0x72, 0xA8, 0x0A, 0x93, 0x8A, 0xC8, 0x04,
    0x28, 0xDD, 0x71, 0x9A, 0x01, 0x89, 0x02, 0x8E, 0x30, 0xB0, 0x5A, 0xA8,
    0x33, 0x98, 0x99, 0x49, 0xC2, 0x2A, 0x9A, 0xB4, 0x4A, 0x09, 0x09, 0xA9,
    0x7F, 0x73, 0xFE, 0x15, 0x18, 0xAA, 0x14, 0xA8, 0x09, 0x02, 0x88, 0x8B,
    0x80, 0xC0, 0x49, 0x70, 0x9A, 0x83, 0x0C, 0x84, 0x80, 0x89, 0x99, 0x60,
    0xD8, 0x29, 0x95, 0x18, 0x9A, 0x22, 0x00, 0x1F, 0xA1, 0x22, 0xB8, 0x39,
    0xDA, 0x14, 0x88, 0x18, 0xF1, 0x28, 0x90, 0x01, 0xAC, 0x1C, 0x43, 0x09,
    0xB4, 0x8A, 0x84, 0xE1, 0x09, 0x02, 0xA8, 0x12, 0x2E, 0x91, 0x9A, 0x70,
    0x8A, 0x04, 0xA0, 0x42, 0xAD, 0x12, 0xAC, 0x29, 0x00, 0x00, 0xA0, 0x4A,
    0xA0, 0x11, 0x38, 0x98, 0x7C, 0x90, 0x12, 0x00, 0x9C, 0xD1, 0x38, 0xA0,
    0x92, 0xB0, 0x54, 0xD9, 0x11, 0x9A, 0x28, 0x80, 0x13, 0xA1, 0x11, 0x47,
    0x9B, 0x99, 0x96, 0x88, 0x81, 0x03, 0xDD, 0x14, 0x89, 0x01, 0x98, 0x8B,
    0x92, 0xE0, 0x70, 0xB8, 0x4C, 0x11, 0x90, 0x50, 0xCB, 0x32, 0x90, 0x00,
    0xC3, 0x8A, 0x13, 0x1E, 0x93, 0x2C, 0x95, 0x09, 0x7F, 0xBC, 0x01, 0x31,
    0xD0, 0x19, 0x81, 0x86, 0x11, 0xAE, 0x39, 0x99, 0x02, 0xB7, 0x0A, 0x90,
    0x3A, 0xA0, 0x91, 0x91, 0x32, 0x44, 0xFB, 0x23, 0x89, 0x99, 0x94, 0xE8,
    0x33, 0x98, 0xC9, 0x23, 0xBB, 0x25, 0x0C, 0xA5, 0x18, 0x01, 0xC2, 0xAA,
    0x3B, 0x60, 0xAA, 0x01, 0x00, 0x9C, 0x27, 0x2B, 0x90, 0x1B, 0x02, 0x1C,
    0x92, 0x18, 0xC5, 0xA8, 0x09, 0xF0, 0x41, 0x91, 0x2D, 0xA0, 0x62, 0x9B,
    0x92, 0x4C, 0xB3, 0x38, 0xC0, 0x08, 0x88, 0x8B, 0x06, 0x2D, 0x83, 0x19,
    0xAA, 0x50, 0x99, 0x43, 0xBD, 0xA1, 0x79, 0xA2, 0x21, 0x99, 0x99, 0xA9,
    0x70, 0xA9, 0x29, 0x82, 0x10, 0xA2, 0xB8, 0x0A, 0x15, 0x1A, 0xDD, 0x41,
    0x99, 0x93, 0x20, 0x80, 0x69, 0xC9, 0x13, 0x8F, 0x18, 0x02, 0x2F, 0x80,
    0x81, 0x20, 0x00, 0xAF, 0x10, 0x01, 0x00, 0x0A, 0xB0, 0x09, 0x3A, 0xE2,
    0x3F, 0x04, 0x1A, 0xD2, 0x7F, 0x28, 0xB2, 0xA0, 0x11, 0x2E, 0x20, 0xB9,
    0x11, 0x10, 0x13, 0x0E, 0x92, 0x4F, 0x92, 0x10, 0x1B, 0xB1, 0x10, 0x09,
    0x13, 0x1C, 0x48, 0x80, 0x02, 0xBF, 0xC0, 0x30, 0x4C, 0xB1, 0x06, 0x2B,
    0xD8, 0x28, 0x09, 0x94, 0xA6, 0x39, 0xD3, 0x08, 0x99, 0x8B, 0x91, 0x18,
    0x17, 0x09, 0xA0, 0x8A, 0x01, 0x2C, 0x39, 0xB0, 0x78, 0xAA, 0x13, 0x3F,
    0x83, 0x2D, 0x81, 0x89, 0x03, 0x18, 0xA9, 0x3D, 0x00, 0x22, 0xD9, 0x21,
    0x80, 0x3A, 0xB8, 0x0F, 0x15, 0x89, 0x8A, 0x58, 0x88, 0x8D, 0x24, 0x09,
    0x19, 0x99, 0x98, 0xA3, 0x41, 0x29, 0xFA, 0x24, 0x3C, 0x18, 0xBB, 0x18,
    0xB5, 0x4A, 0x89, 0x10, 0x8A, 0xC8, 0x52, 0xBF, 0x01, 0x12, 0x86, 0x8A,
    0xA0, 0x03, 0x9E, 0x93, 0x2C, 0x91, 0x21, 0x4A, 0xC9, 0x40, 0x91, 0x0A,
    0xA6, 0x99, 0x91, 0x80, 0x21, 0x9B, 0x18, 0x90, 0x27, 0x4C, 0xA8, 0x02,
    0x7F, 0x4A, 0x92, 0x18, 0x23, 0xBF, 0xD2, 0x08, 0x8B, 0x20, 0x25, 0x2D,
    0x81, 0x18, 0x8F, 0x91, 0x09, 0x83, 0x00, 0x00, 0x09, 0x98, 0x2C, 0x89,
    0x43, 0xA7, 0x1C, 0xB1, 0x12, 0x39, 0x87, 0x2D, 0xA8, 0x10, 0x9B, 0x04,
    0x10, 0x28, 0xBC, 0xBA, 0x63, 0x10, 0x3C, 0xF9, 0x11, 0x98, 0x30, 0xA8,
    0x0B, 0x83, 0x36, 0x18, 0x81, 0xAD, 0xC0, 0x0C, 0x85, 0x88, 0x12, 0x19,
    0x18, 0xB5, 0x8C, 0x90, 0x0B, 0x33, 0xAD, 0x50, 0x81, 0x23, 0xF2, 0x8C,
    0x93, 0x92, 0x0A, 0xA8, 0xE2, 0x30, 0xD9, 0x83, 0x38, 0x8B, 0x80, 0x27,
    0x90, 0x10, 0x9D, 0x21, 0x8A, 0x1C, 0x81, 0x25, 0xB0, 0xA0, 0x19, 0x92,
    0xA0, 0x60, 0x92, 0x1D, 0xF7, 0x89, 0x81, 0x2B, 0x00, 0x8B, 0x02, 0x99,
    0x37, 0xC1, 0x08, 0xB1, 0x28, 0x98, 0x18, 0xA0, 0x2B, 0x5C, 0x02, 0x1A,
    0x3B, 0x55, 0x80, 0xC9, 0x11, 0xC9, 0x80, 0x20, 0x7F, 0xB9, 0x1A, 0xB0,
    0x64, 0x89, 0x98, 0xC4, 0x41, 0xA0, 0x1A, 0xFB, 0x74, 0xC8, 0x18, 0x5B,
    0xB1, 0x42, 0xCA, 0x01, 0x13, 0xB8, 0x89, 0x10, 0xB8, 0x14, 0x9A, 0x05,
    0x1F, 0x11, 0x99, 0x13, 0x8B, 0x80, 0xB7, 0xA8, 0x11, 0x00, 0xA9, 0x00,
    0x06, 0xAB, 0x83, 0xB9, 0x11, 0x07, 0x39, 0x80, 0x80, 0x3D, 0xD9, 0x08,
    0x98, 0x01, 0x12, 0x33, 0x8F, 0x9A, 0x02, 0x8B, 0xC0, 0x44, 0x89, 0x91,
    0x2C, 0x97, 0x18, 0x00, 0x2D, 0x90, 0x19, 0x1A, 0x82, 0x1C, 0x09, 0x03,
    0x15, 0xAB, 0x17, 0x1C, 0xB9, 0x04, 0x90, 0x12, 0x8C, 0xA2, 0x30, 0x90,
    0x82, 0x0F, 0x22, 0x29, 0xC9, 0x19, 0xC9, 0x21, 0x94, 0x38, 0xA0, 0x18,
    0x9B, 0xC9, 0x76, 0x9E, 0x14, 0x9B, 0x95, 0x1A, 0x82, 0x0A, 0xA1, 0x0B,
    0x06, 0x18, 0xAA, 0x09, 0x88, 0x25, 0x19, 0x02, 0x0B, 0x0F, 0xA1, 0x4A,
    0xA1, 0x00, 0x61, 0xAA, 0x7F, 0x83, 0xAA, 0x12, 0x0B, 0xC1, 0x21, 0x0C,
    0xB0, 0x52, 0xD0, 0x21, 0x8A, 0x82, 0x00, 0x9F, 0x02, 0x00, 0x13, 0xF8,
    0x23, 0xAB, 0x01, 0x28, 0xDA, 0x32, 0x12, 0x88, 0xDA, 0x2B, 0x40, 0x0A,
    0xE1, 0xA7, 0x2B, 0xA3, 0x00, 0x8B, 0x71, 0xAB, 0x82, 0x89, 0x89, 0xA2,
    0x8A, 0x15, 0x21, 0xA9, 0x25, 0x8B, 0xDA, 0x13, 0x68, 0x08, 0x91, 0xCC,
    0x16, 0x1B, 0x91, 0x20, 0xB9, 0x94, 0x2B, 0xA3, 0x00, 0x1C, 0xB2, 0x10,
    0xA8, 0x4B, 0xA2, 0x89, 0x00, 0x02, 0x8C, 0x10, 0xA0, 0x11, 0x80, 0x00,
    0x01, 0x01, 0x4F, 0x01, 0x99, 0x3A, 0xC1, 0x2B, 0xB5, 0x89, 0x02, 0x10,
    0x89, 0x97, 0x99, 0x80, 0xB1, 0x12, 0x22, 0x00, 0xCA, 0x81, 0x08, 0x88,
    0x8B, 0x61, 0x10, 0x8D, 0x08, 0x98, 0x80, 0x18, 0x81, 0x28, 0x98, 0x88,
    0xA8, 0x10, 0x00, 0x80, 0x00, 0xA8, 0x01, 0x10, 0x09, 0x80, 0x01, 0xB0,
    0x7F, 0x10, 0xB9, 0x39, 0x83, 0x49, 0xA8, 0x89, 0x20, 0x9A, 0x91, 0x30,
    0x08, 0x88, 0x08, 0xA9, 0x19, 0x28, 0x00, 0x00, 0x98, 0x08, 0x0B, 0x00,
    0x81, 0x19, 0xA0, 0x21, 0x80, 0x89, 0x00, 0x88, 0x00, 0x18, 0x00, 0x00,
    0xA8, 0x81, 0x29, 0x88, 0x21, 0xA9, 0x90, 0x10, 0x81, 0x80, 0x00, 0x98,
    0x08, 0xA8, 0x49, 0x98, 0x00, 0x80, 0x88, 0x80, 0x88, 0x8A, 0x11, 0x00,
    0xAB, 0x34, 0x99, 0x01, 0x89, 0x08, 0x81, 0x99, 0x12, 0x98, 0x20, 0x88,
    0x18, 0x18, 0xB8, 0x81, 0x10, 0x98, 0x18, 0x01, 0x09, 0x89, 0x80, 0x18,
    0x80, 0x08, 0x08, 0x00, 0x8A, 0x00, 0x00, 0x00, 0x80, 0x08, 0xA0, 0x19,
    0x80, 0x80, 0x80, 0x00, 0x00, 0x88, 0x88, 0x80, 0x80, 0x00, 0x88, 0x08,
    0x80, 0x08, 0x88, 0x00, 0x80, 0x08, 0x80, 0x00, 0x80, 0x88, 0x08, 0x00,
    0x80, 0x80, 0x80, 0x80, 0x80, 0x80, 0x80, 0x80, 0x00, 0x00, 0x00, 0x00,
    0x00, 0x00, 0x00, 0x00, 0x00, 0x00, 0x00, 0x00, 0x00, 0x00, 0x00, 0x00,
    0x7F, 0x00, 0x80, 0x80, 0x80, 0x80, 0x80, 0x80, 0x80, 0x80, 0x80, 0x80,
    0x80, 0x80, 0x80, 0x80, 0x80, 0x80, 0x80, 0x80, 0x80, 0x80, 0x80, 0x80,
    0x80, 0x08, 0x08, 0x08, 0x80, 0x00, 0x88, 0x08, 0x08, 0x08, 0x00, 0x80,
    0x88, 0x00, 0x80, 0x08, 0x80, 0x08, 0x08, 0x08, 0x08, 0x08, 0x80, 0x80,
    0x88, 0x08, 0x80, 0x80, 0x88, 0x08, 0x80, 0x08, 0x88, 0x08, 0x08, 0x08,
    0x80, 0x08, 0x80, 0x80, 0x80, 0x88, 0x00, 0x08, 0x80, 0x80, 0x80, 0x80,
    0x00, 0x08, 0x88, 0x00, 0x08, 0x08, 0x08, 0x00, 0x80, 0x88, 0x08, 0x08,
    0x08, 0x80, 0x80, 0x08, 0x80, 0x08, 0x08, 0x80, 0x08, 0x08, 0x08, 0x08,
    0x08, 0x08, 0x00, 0x08, 0x80, 0x08, 0x80, 0x08, 0x00, 0x08, 0x88, 0x08,
    0x00, 0x80, 0x08, 0x08, 0x80, 0x08, 0x08, 0x08, 0x18, 0x08, 0x08, 0x80,
    0x80, 0x08, 0x08, 0x80, 0x80, 0x88, 0x08, 0x08, 0x7F, 0x80, 0x88, 0x19,
    0x08, 0x08, 0x80, 0x88, 0x80, 0x80, 0x88, 0x80, 0x80, 0x88, 0x00, 0x88,
    0x08, 0x08, 0x80, 0x08, 0x81, 0x80, 0x80, 0x88, 0x18, 0x08, 0x08, 0x00,
    0x80, 0x88, 0x00, 0x08, 0x00, 0x88, 0x08, 0x08, 0x08, 0x88, 0x00, 0x09,
    0x00, 0x08, 0x80, 0x80, 0x80, 0x80, 0x80, 0x80, 0x08, 0x80, 0x80, 0x88,
    0x18, 0x80, 0x08, 0x80, 0x80, 0x08, 0x08, 0x00, 0x80, 0x08, 0x00, 0x80,
    0x08, 0x08, 0x80, 0x00, 0x08, 0x80, 0x08, 0x08, 0x00, 0x08, 0x08, 0x08,
    0x80, 0x80, 0x88, 0x08, 0x08, 0x88, 0x80, 0x88, 0x00, 0x88, 0x80, 0x90,
    0x80, 0x80, 0x90, 0x80, 0x88, 0x08, 0x00, 0x88, 0x80, 0x80, 0x80, 0x09,
    0x18, 0x08, 0x08, 0x00, 0x81, 0x91, 0x90, 0x00, 0x80, 0x80, 0x08, 0x80,
    0x80, 0x00, 0x88, 0x08, 0x08, 0x80, 0x91, 0x08, 0x91, 0x80, 0x80, 0x08,
    0x87, 0xE2, 0x1C, 0x28, 0x7F, 0x94, 0xA7, 0xB9, 0x21, 0x9A, 0x93, 0x88,
    0x08, 0xE6, 0x89, 0xA3, 0x98, 0x82, 0x18, 0xD2, 0x10, 0x2E, 0x00, 0x1A,
    0x03, 0x8D, 0x84, 0x00, 0x98, 0x41, 0xB9, 0x15, 0x8D, 0x02, 0x39, 0xD0,
    0x30, 0xBC, 0x26, 0x8A, 0xB1, 0x22, 0xA8, 0xB9, 0x41, 0x8C, 0x90, 0x2A,
    0x0E, 0x91, 0x89, 0xB8, 0x10, 0xB4, 0xAE, 0xA0, 0xA7, 0x09, 0xB1, 0x03,
    0x09, 0x01, 0x61, 0x82, 0x82, 0x99, 0x69, 0x12, 0x09, 0x29, 0xA8, 0x61,
    0xBA, 0x49, 0xC9, 0x02, 0x0B, 0xF3, 0x20, 0x90, 0x5B, 0x12, 0x0A, 0x05,
    0xBC, 0x30, 0x8B, 0x18, 0xC1, 0x29, 0xC2, 0x2A, 0x1B, 0x52, 0x3C, 0x02,
    0x93, 0xCA, 0x81, 0x5A, 0xC0, 0xA3, 0xAB, 0xC9, 0x2C, 0x3B, 0x69, 0x24,
    0xD8, 0x22, 0xAA, 0x70, 0x19, 0x10, 0x13, 0x84, 0xB3, 0x88, 0xA1, 0x34,
    0x9A, 0xA2, 0xA1, 0x0D, 0xB0, 0x90, 0xD8, 0x81, 0xEA, 0xB9, 0x3C, 0x3A,
    0x7F, 0xAE, 0x3B, 0x00, 0x29, 0x8A, 0x6B, 0x1A, 0x1C, 0xC3, 0x3D, 0x68,
    0xF0, 0x18, 0x19, 0x80, 0x3D, 0x29, 0x28, 0x3C, 0x91, 0x19, 0x91, 0xA7,
    0x1B, 0xA0, 0x71, 0x99, 0x11, 0x13, 0xAC, 0x1B, 0x2D, 0x91, 0x7B, 0x80,
    0x40, 0x90, 0xC9, 0x10, 0x29, 0x16, 0x8B, 0x9C, 0x42, 0x10, 0x14, 0x10,
    0x90, 0x1A, 0xF0, 0x90, 0x12, 0x09, 0xB8, 0x0F, 0x28, 0x13, 0x81, 0x60,
    0x0C, 0x8B, 0xAA, 0x81, 0x8F, 0x98, 0xAB, 0xAA, 0x01, 0x8A, 0x19, 0x9D,
    0x30, 0x88, 0x3B, 0x95, 0x42, 0xCA, 0x93, 0x34, 0x12, 0x87, 0x11, 0x22,
    0x92, 0x50, 0x14, 0x12, 0x14, 0xA9, 0x00, 0xA3, 0xB7, 0x19, 0x10, 0xA1,
    0x29, 0x90, 0xD1, 0x2B, 0xB3, 0xAC, 0xF8, 0x10, 0x99, 0x31, 0xF4, 0x0A,
    0x21, 0x98, 0x1B, 0x15, 0xD8, 0x18, 0xC2, 0x89, 0x69, 0x91, 0x89, 0x08,
    0x01, 0x2C, 0x02, 0x88, 0x9C, 0x9C, 0x3B, 0xAB, 0x7F, 0x4B, 0xB9, 0x3B,
    0x0B, 0x00, 0xA3, 0xBB, 0x10, 0xB1, 0x0F, 0x29, 0x9D, 0x18, 0x18, 0xF9,
    0x40, 0xA1, 0x8B, 0x18, 0x90, 0x29, 0x96, 0xD3, 0x09, 0xC0, 0x10, 0x82,
    0x88, 0x03, 0xF8, 0x39, 0xB3, 0xD2, 0x40, 0xA2, 0x8A, 0x49, 0x83, 0x5B,
    0x30, 0x86, 0x89, 0x1A, 0x11, 0xC3, 0x5C, 0x12, 0x8A, 0x13, 0x81, 0xA3,
    0x2E, 0x20, 0x21, 0x00, 0xF3, 0x89, 0x33, 0xF3, 0x89, 0x58, 0x80, 0x1A,
    0x02, 0xA0, 0x22, 0xE3, 0x0C, 0x20, 0x0B, 0x1A, 0x32, 0x99, 0x83, 0x2F,
    0x21, 0xD0, 0x20, 0x0D, 0x11, 0x9A, 0x48, 0x09, 0xB1, 0x29, 0x5B, 0x1B,
    0x15, 0xC9, 0x2A, 0x1A, 0x98, 0x02, 0xF2, 0xB8, 0x4A, 0x99, 0x58, 0xF2,
    0x0A, 0x92, 0x88, 0x0B, 0x29, 0x20, 0xFB, 0x23, 0xD2, 0xAB, 0x38, 0xC3,
    0x9A, 0x5A, 0x0C, 0x02, 0x8C, 0x82, 0x09, 0xA7, 0xB1, 0x89, 0x3C, 0x39,
    0x2F, 0x82, 0x1A, 0x00, 0x7F, 0x29, 0x4C, 0x84, 0x8C, 0x22, 0xA0, 0x3C,
    0x20, 0xE2, 0x2B, 0x94, 0x00, 0xA1, 0x0B, 0x68, 0x04, 0xC1, 0x00, 0xB5,
    0xA1, 0x94, 0x89, 0x94, 0x8A, 0x08, 0x3A, 0x14, 0xA9, 0x00, 0xE7, 0x90,
    0x3C, 0x00, 0x2A, 0x8A, 0x68, 0x89, 0x4B, 0x2C, 0x38, 0xA0, 0x28, 0x10,
    0xB4, 0xB0, 0x4C, 0x3A, 0xA2, 0x5B, 0x94, 0x2A, 0xF1, 0x3D, 0x11, 0x09,
    0x8A, 0x10, 0x08, 0x0A, 0x1B, 0x86, 0xC1, 0x99, 0x7B, 0x91, 0x02, 0xB1,
    0xA0, 0x7A, 0x19, 0x0A, 0x1B, 0x40, 0xD3, 0xA1, 0x3C, 0xA5, 0xA1, 0x80,
    0x97, 0xA8, 0x88, 0x3A, 0x91, 0x29, 0x90, 0xE5, 0x00, 0xC8, 0x28, 0x8B,
    0x22, 0xE3, 0x1C, 0x83, 0xAA, 0x49, 0x3E, 0x12, 0x8B, 0x03, 0xB8, 0x93,
    0x7A, 0x84, 0xD1, 0x90, 0x30, 0xBB, 0x79, 0x08, 0x00, 0xA2, 0xB1, 0x28,
    0xB7, 0x00, 0xE1, 0x18, 0x0D, 0x22, 0x8A, 0x18, 0x00, 0xA0, 0x2D, 0x33,
    0x7F, 0xF0, 0x29, 0xC4, 0x89, 0x1A, 0x34, 0xE8, 0x21, 0xC2, 0xB4, 0x99,
    0x02, 0x99, 0x84, 0x1D, 0x90, 0x20, 0x99, 0x68, 0xC1, 0x19, 0x2C, 0x2A,
    0x4C, 0x28, 0x29, 0xA1, 0x1F, 0x20, 0x92, 0x8A, 0x39, 0x2C, 0x02, 0x1B,
    0x6E, 0x11, 0x8B, 0x48, 0x89, 0x01, 0x01, 0x9B, 0x02, 0xBF, 0x78, 0x09,
    0xA1, 0x21, 0x9E, 0x02, 0x0A, 0x01, 0x82, 0xB0, 0x2A, 0x83, 0x70, 0xD8,
    0x80, 0x92, 0x16, 0xAB, 0x02, 0x2C, 0x03, 0xC1, 0x0B, 0x22, 0x3A, 0xE1,
    0x11, 0x98, 0xD5, 0x89, 0xA6, 0xC2, 0x90, 0x19, 0x2B, 0x28, 0xC4, 0xA8,
    0x02, 0x3C, 0x8A, 0x4B, 0x01, 0x1E, 0x21, 0xC7, 0xA0, 0xA2, 0x10, 0xD1,
    0x19, 0x88, 0x04, 0x89, 0x92, 0xA1, 0xCA, 0x7A, 0x11, 0x8A, 0x22, 0xA9,
    0x5B, 0x2E, 0x10, 0x2A, 0xA2, 0x3A, 0x93, 0x4E, 0xB4, 0x91, 0x98, 0x28,
    0xC2, 0x3A, 0x2C, 0xC3, 0x86, 0xA9, 0xA7, 0x98, 0x7F, 0xA5, 0x92, 0xC1,
    0x10, 0xA9, 0x4C, 0x38, 0xA8, 0x39, 0xA8, 0x50, 0xB0, 0x11, 0xD4, 0x89,
    0x90, 0x11, 0x1F, 0x21, 0xB2, 0x92, 0xA0, 0x4D, 0x81, 0x82, 0xA2, 0x98,
    0x2E, 0xA6, 0x90, 0x1A, 0x5A, 0xA1, 0x09, 0x13, 0x9C, 0x04, 0x09, 0xBC,
    0x68, 0x80, 0x90, 0x10, 0xA0, 0x83, 0xA9, 0x29, 0x94, 0x01, 0xA7, 0xF2,
    0xA2, 0x81, 0xC1, 0x00, 0x80, 0x0C, 0x87, 0xA0, 0x2E, 0x4A, 0x18, 0x91,
    0x2B, 0x08, 0x2B, 0x29, 0x08, 0xC4, 0xD3, 0x0C, 0x38, 0xA3, 0x8B, 0x70,
    0xC1, 0x80, 0x81, 0xA2, 0xA2, 0xB4, 0xB0, 0x35, 0xF2, 0xA8, 0x12, 0x8A,
    0x19, 0xA7, 0x98, 0x80, 0x01, 0xB1, 0x01, 0x3F, 0x08, 0x01, 0x80, 0x98,
    0x22, 0xC3, 0xB0, 0x81, 0xF2, 0x3F, 0x39, 0x09, 0x97, 0xB0, 0x13, 0xE2,
    0xB2, 0x09, 0x21, 0xB2, 0xA1, 0x90, 0xA3, 0xC0, 0x8A, 0x78, 0xA4, 0xB0,
    0x11, 0xD1, 0x11, 0xC9, 0x7F, 0x35, 0xBC, 0x5A, 0x03, 0xAA, 0x04, 0xB0,
    0x90, 0x38, 0xA7, 0xAB, 0x30, 0x99, 0x5A, 0x1B, 0x34, 0xAA, 0x3C, 0x2F,
    0x20, 0x8A, 0x30, 0x0A, 0x92, 0x88, 0x80, 0x7B, 0x1B, 0x5A, 0x5C, 0x02,
    0xB8, 0x49, 0x92, 0xC1, 0x00, 0x3E, 0x38, 0x98, 0x19, 0x02, 0x0F, 0x21,
    0xD2, 0x09, 0xA3, 0x09, 0x12, 0xD0, 0x4B, 0x03, 0xD0, 0x10, 0x9A, 0x6A,
    0x0A, 0x48, 0xB2, 0x10, 0xBD, 0x78, 0x88, 0x0A, 0x3A, 0x2A, 0x04, 0xAA,
    0x48, 0xAB, 0x15, 0x18, 0xC2, 0x81, 0x91, 0xB7, 0xC2, 0x91, 0x81, 0xB2,
    0xC8, 0x96, 0x0B, 0x82, 0x81, 0xD3, 0xA1, 0x99, 0x7A, 0x19, 0xAB, 0x78,
    0x2B, 0x10, 0x91, 0x2B, 0x2B, 0x5A, 0x0B, 0x52, 0xE0, 0x29, 0x4E, 0x2A,
    0x01, 0x88, 0x10, 0x8C, 0x5A, 0x08, 0x39, 0xD3, 0xA2, 0x00, 0x0C, 0x3E,
    0x21, 0x99, 0x12, 0xB0, 0x2E, 0x10, 0x80, 0x02, 0xC8, 0x49, 0xB6, 0xA2,
    0x7F, 0x88, 0x28, 0xE0, 0x10, 0x1D, 0x28, 0x1A, 0x10, 0x82, 0xD9, 0x38,
    0x84, 0x0B, 0x81, 0x0E, 0x33, 0xF1, 0xA2, 0x08, 0x80, 0x19, 0x82, 0xF3,
    0xC5, 0xB1, 0x1D, 0x39, 0x01, 0xA1, 0x02, 0xE0, 0x19, 0x08, 0x4A, 0xA5,
    0xB3, 0xC4, 0xC1, 0x1A, 0x18, 0x88, 0x4A, 0xA8, 0x49, 0x2A, 0xA2, 0x83,
    0xD0, 0xA7, 0x09, 0xA2, 0x81, 0xE2, 0x94, 0x88, 0x8A, 0x01, 0x96, 0xA1,
    0xB2, 0x1B, 0x5C, 0x01, 0x82, 0xAA, 0x58, 0xAB, 0x78, 0x98, 0x10, 0x1A,
    0x94, 0xA0, 0x81, 0xA1, 0xA5, 0x3D, 0x99, 0x5B, 0x20, 0xB4, 0x89, 0x08,
    0x5A, 0xC6, 0xB1, 0x81, 0xB5, 0xAA, 0x48, 0x90, 0x3D, 0x10, 0x02, 0xBA,
    0x69, 0xA2, 0x3E, 0x19, 0x2A, 0x12, 0xB8, 0x3D, 0x28, 0x0B, 0x39, 0x4C,
    0x18, 0xB4, 0x2D, 0x18, 0x19, 0x85, 0xC1, 0x89, 0x01, 0x1A, 0x4C, 0x18,
    0x2A, 0xB3, 0x10, 0xE4, 0x90, 0x8A, 0x40, 0xC4, 0x7F, 0x99, 0xA7, 0xA1,
    0x91, 0x81, 0xC2, 0x08, 0x80, 0xC3, 0xA4, 0x09, 0x82, 0xF3, 0xC1, 0x02,
    0xA1, 0xB5, 0x99, 0x0A, 0x21, 0xA3, 0xA2, 0x8D, 0x2B, 0x69, 0x00, 0x9C,
    0x24, 0x99, 0x80, 0x1C, 0x38, 0x7C, 0x09, 0x58, 0xA0, 0x1A, 0x01, 0x88,
    0x2C, 0x18, 0x09, 0x37, 0xD0, 0x82, 0x98, 0x3A, 0x1F, 0x02, 0xA2, 0x01,
    0x8A, 0x92, 0xB7, 0xC4, 0xA9, 0x21, 0xA1, 0x89, 0x4C, 0x02, 0xD3, 0x93,
    0xC0, 0x82, 0x90, 0x09, 0x91, 0x2D, 0x6A, 0x91, 0xA1, 0x3D, 0x18, 0x4B,
    0x01, 0x3D, 0x95, 0xA1, 0x90, 0x00, 0x8C, 0x20, 0x4C, 0x03, 0xF1, 0x81,
    0xA2, 0xC3, 0x08, 0xB3, 0x02, 0xF3, 0xA0, 0x82, 0x8A, 0x28, 0xA0, 0xB2,
    0x41, 0x8F, 0x33, 0xAC, 0x03, 0xD5, 0x8C, 0x00, 0x08, 0x21, 0x99, 0xBA,
    0x33, 0x5B, 0x09, 0xF2, 0x4A, 0xA1, 0x4C, 0x03, 0xA8, 0x3A, 0x81, 0x92,
    0xE1, 0x3A, 0xA9, 0x43, 0x7F, 0xF0, 0x18, 0xC4, 0xB3, 0xB3, 0xA5, 0x99,
    0x09, 0x6A, 0xA1, 0x29, 0x2A, 0xD5, 0x98, 0x28, 0x99, 0x21, 0x8B, 0xB5,
    0x09, 0x89, 0x97, 0x1C, 0x2B, 0x32, 0xE2, 0x08, 0xB0, 0x00, 0x20, 0xA8,
    0x28, 0x3F, 0x28, 0x0B, 0xA2, 0x7A, 0x08, 0x28, 0x9A, 0x5C, 0x4A, 0xC4,
    0x00, 0xA0, 0x5C, 0x19, 0xA5, 0x09, 0x09, 0x19, 0x11, 0xC4, 0xC3, 0xB1,
    0x18, 0xB3, 0x2A, 0xD5, 0x0B, 0x1A, 0x20, 0x93, 0x9C, 0x02, 0x6B, 0x98,
    0x05, 0xB1, 0xC3, 0x1B, 0xB7, 0x88, 0x18, 0xA8, 0x5B, 0x09, 0x29, 0x5D,
    0x29, 0x1B, 0x32, 0x8F, 0x11, 0x0A, 0x18, 0x19, 0xA3, 0x2A, 0xF5, 0x9A,
    0x10, 0x4B, 0x8A, 0x26, 0xA0, 0xA0, 0x29, 0x91, 0x11, 0xC8, 0x69, 0xB1,
    0x81, 0x40, 0xEA, 0x15, 0x1B, 0x9A, 0x11, 0x03, 0x80, 0xE8, 0x02, 0x33,
    0xF8, 0x83, 0xBA, 0x68, 0x90, 0x98, 0x83, 0xC1, 0x30, 0x6D, 0x80, 0x00,
    0x7F, 0xA1, 0xA1, 0x81, 0x91, 0x18, 0x20, 0xA2, 0xCD, 0x58, 0x80, 0xA6,
    0xC2, 0x01, 0xB1, 0xB7, 0xC1, 0x09, 0x28, 0x80, 0x1A, 0x3B, 0x88, 0x93,
    0x1F, 0x4C, 0x00, 0x01, 0x81, 0x81, 0xA2, 0x88, 0x1F, 0x12, 0xF1, 0x82,
    0x0A, 0x1D, 0x5A, 0x09, 0x03, 0x90, 0x8A, 0x2A, 0x12, 0xA0, 0xF4, 0x98,
    0x30, 0xF2, 0x92, 0x1D, 0x10, 0x89, 0x10, 0x0B, 0x2C, 0x23, 0xC5, 0xAB,
    0x10, 0x16, 0xC1, 0x80, 0xC5, 0xA1, 0x08, 0x90, 0x94, 0xB0, 0x49, 0xB0,
    0x04, 0x89, 0x88, 0x96, 0xA0, 0x18, 0x99, 0x58, 0x9B, 0x22, 0x9C, 0xA7,
    0xA8, 0x38, 0x94, 0xC2, 0x9A, 0x5A, 0x84, 0xB0, 0x1C, 0x30, 0x89, 0x08,
    0x89, 0x36, 0xE1, 0x2A, 0x0A, 0x2A, 0x3A, 0x4F, 0x28, 0x19, 0x08, 0x1D,
    0x29, 0x38, 0xD4, 0x98, 0xA4, 0x0A, 0x04, 0xC8, 0x2A, 0x3C, 0x39, 0x88,
    0x3A, 0x88, 0x81, 0x19, 0x58, 0xB9, 0x40, 0xC8, 0x7F, 0x10, 0x81, 0x4F,
    0x29, 0x09, 0xB7, 0x08, 0xA2, 0xA2, 0xB3, 0x83, 0xF1, 0x88, 0x82, 0xB7,
    0xD2, 0x88, 0x93, 0xA1, 0x19, 0xD5, 0xA3, 0x8C, 0x81, 0x28, 0x91, 0x98,
    0xB5, 0x08, 0xB2, 0x59, 0xC3, 0xA1, 0x9A, 0x43, 0x45, 0xF9, 0x18, 0xA0,
    0x21, 0x1D, 0x48, 0x19, 0x9B, 0x00, 0x8A, 0x22, 0x02, 0xC9, 0x48, 0x05,
    0x9B, 0x10, 0x6C, 0x8A, 0x21, 0x98, 0x89, 0x5A, 0x2C, 0x3B, 0x30, 0x81,
    0xE0, 0x38, 0x9D, 0x28, 0x3D, 0x4A, 0x29, 0x98, 0x21, 0x0D, 0x3A, 0x3A,
    0x18, 0x81, 0x90, 0x99, 0x3F, 0x1D, 0x44, 0xC1, 0x89, 0x94, 0x1D, 0x18,
    0x3C, 0x0B, 0x41, 0x89, 0x19, 0x09, 0x4A, 0xA4, 0xB8, 0x3C, 0x12, 0x28,
    0xF2, 0x89, 0x8B, 0x40, 0x4A, 0xA4, 0xD1, 0x02, 0x8A, 0x8A, 0x19, 0x25,
    0xB8, 0x94, 0x3E, 0x91, 0x4A, 0x0A, 0x2A, 0x02, 0x1B, 0x7A, 0x1C, 0x22,
    0x9E, 0x28, 0x1D, 0x39, 0x7F, 0x82, 0x1A, 0x83, 0xD3, 0x99, 0x0A, 0x43,
    0xE0, 0x28, 0x99, 0x4F, 0x13, 0xA8, 0x92, 0x09, 0x3D, 0x3B, 0x08, 0x4A,
    0x8A, 0x28, 0xA7, 0x92, 0xE4, 0xA0, 0x08, 0x0A, 0x39, 0x89, 0x5B, 0x2D,
    0x20, 0x92, 0x88, 0x88, 0x59, 0xB8, 0x11, 0xBA, 0x63, 0xE0, 0x11, 0xC8,
    0x6A, 0x00, 0x09, 0x09, 0x29, 0x09, 0x49, 0xA0, 0x00, 0x4F, 0x11, 0xA8,
    0x03, 0x0B, 0x3C, 0x18, 0xB5, 0x88, 0x4F, 0x02, 0x90, 0x88, 0x0A, 0x39,
    0x09, 0x18, 0xD4, 0x3F, 0x82, 0x1E, 0x21, 0xA1, 0x1C, 0x39, 0x92, 0x2C,
    0x83, 0xA8, 0x5A, 0x91, 0x88, 0x06, 0xB1, 0x99, 0x3C, 0x01, 0x94, 0xA9,
    0x1C, 0x42, 0xB1, 0xA1, 0xD5, 0x89, 0x18, 0xB4, 0x00, 0xB0, 0x96, 0xAA,
    0x29, 0x03, 0x9A, 0x78, 0x99, 0xA6, 0x9A, 0x21, 0xA1, 0x92, 0x88, 0xC3,
    0x2D, 0x2B, 0x99, 0x4A, 0x7A, 0x08, 0x1B, 0x38, 0x3F, 0x29, 0x11, 0xB8,
    0x7F, 0x4B, 0x01, 0xA3, 0x90, 0x83, 0xAF, 0x30, 0x99, 0xA7, 0x88, 0x99,
    0x70, 0xA0, 0xE9, 0x48, 0x2C, 0x18, 0x82, 0x7C, 0x39, 0xB6, 0xA9, 0x49,
    0x91, 0x09, 0x92, 0x88, 0x98, 0x24, 0xD0, 0x0A, 0x20, 0x9A, 0x22, 0x8B,
    0x15, 0xF7, 0xC8, 0x16, 0xA8, 0x89, 0xA4, 0x08, 0x1B, 0x83, 0x18, 0x90,
    0x8B, 0x49, 0x81, 0x88, 0x00, 0x7C, 0x81, 0x08, 0x19, 0x91, 0x88, 0x1A,
    0x96, 0x1B, 0x03, 0xE8, 0x11, 0xD1, 0x10, 0x93, 0x9A, 0x80, 0x18, 0x18,
    0xD1, 0x22, 0xF9, 0x4A, 0x18, 0x03, 0xD1, 0x80, 0x89, 0x29, 0x30, 0x0B,
    0x59, 0xF0, 0x21, 0xA0, 0x90, 0x10, 0x2E, 0x2B, 0x10, 0x2F, 0x49, 0x00,
    0x9A, 0x3A, 0x11, 0xC8, 0x14, 0x91, 0xB0, 0x18, 0x1C, 0x5B, 0x18, 0x48,
    0xE2, 0x02, 0x90, 0xC1, 0x18, 0x1A, 0x8B, 0x6A, 0x28, 0x9B, 0x13, 0x6B,
    0x90, 0x2C, 0x02, 0xA2, 0x90, 0x23, 0xFC, 0x32, 0x30, 0x8A, 0x81, 0x5D,
    0x8A, 0x23, 0x0E, 0x10, 0x20, 0xC8, 0x85, 0xA0, 0x9B, 0x23, 0x01, 0x7E,
    0x91, 0x30, 0x10, 0xDB, 0x7A, 0xB5, 0x88, 0x91, 0x03, 0xA9, 0x00, 0x00,
    0xA1, 0xC0, 0x49, 0x80, 0x08, 0x1A, 0x83, 0xAB, 0x04, 0x38, 0xBA, 0x28,
    0x11, 0xC0, 0x1A, 0x10, 0x08, 0xA1, 0x18, 0x80, 0x08, 0x00, 0x00, 0x00,
    0x00, 0x00, 0x00, 0x00, 0x00, 0x00, 0x00, 0x00, 0x00, 0x00, 0x00, 0x00,
    0x7F, 0x00, 0x19, 0xD0, 0x70, 0xEA, 0x34, 0x89, 0xBA, 0x34, 0x28, 0xAF,
    0x38, 0x0A, 0xA2, 0xC4, 0xB3, 0x98, 0x5E, 0x21, 0x08, 0x02, 0xCA, 0x79,
    0x11, 0xBB, 0xA7, 0x2A, 0xBB, 0x53, 0x8D, 0x00, 0x00, 0xDC, 0x72, 0xAA,
    0x80, 0x20, 0x99, 0x12, 0x5A, 0xA8, 0x19, 0x17, 0xAA, 0x12, 0x1A, 0xAF,
    0x68, 0x98, 0x01, 0x80, 0x9A, 0x22, 0x90, 0x0E, 0x13, 0x0A, 0xB7, 0xB8,
    0x12, 0x0F, 0x81, 0x18, 0x88, 0x81, 0x83, 0x48, 0xD0, 0x80, 0x21, 0xCD,
    0x39, 0x29, 0x09, 0x94, 0x91, 0xC1, 0x19, 0x2B, 0x3D, 0x24, 0x9D, 0x05,
    0x88, 0x80, 0x0B, 0x2D, 0x29, 0x04, 0xF0, 0x00, 0x00, 0x81, 0x8D, 0x12,
    0x08, 0x2A, 0xC2, 0x40, 0xBA, 0x01, 0xE1, 0x40, 0xCD, 0x23, 0x19, 0xBA,
    0x32, 0x39, 0xBA, 0x15, 0xD3, 0x09, 0x01, 0x98, 0xAB, 0x52, 0xD1, 0xD5,
    0x08, 0xA9, 0x40, 0xA9, 0x03, 0x1E, 0xB1, 0x41, 0x7F, 0x9A, 0x18, 0x31,
    0xA8, 0x2A, 0x41, 0xBB, 0x00, 0x94, 0x0A, 0xC0, 0x21, 0x8E, 0x2A, 0x92,
    0x3E, 0x5C, 0x00, 0x01, 0x10, 0x90, 0x0B, 0xC7, 0x3F, 0x08, 0x01, 0x94,
    0xB1, 0x09, 0x99, 0x68, 0xA1, 0x18, 0x9A, 0xD3, 0x59, 0xB8, 0x12, 0x10,
    0x9C, 0xA2, 0x78, 0x80, 0x8A, 0x87, 0xA8, 0x18, 0x98, 0x32, 0xB9, 0x80,
    0x4A, 0x80, 0xB0, 0x58, 0xAA, 0xE3, 0x38, 0x81, 0x9F, 0x12, 0x02, 0xBE,
    0x02, 0x09, 0x00, 0x80, 0x21, 0x9E, 0xB1, 0x79, 0x11, 0xB9, 0x14, 0x99,
    0xCA, 0x79, 0x19, 0x18, 0xA3, 0xB5, 0xA8, 0x22, 0x0F, 0x10, 0x18, 0xBE,
    0x07, 0x0A, 0xA1, 0x48, 0xA9, 0x02, 0x29, 0xD0, 0x21, 0x98, 0x08, 0x00,
    0x0A, 0xA0, 0x12, 0x91, 0xD8, 0x58, 0xA2, 0x18, 0x9A, 0x97, 0xC1, 0x29,
    0xB8, 0x37, 0x80, 0xCA, 0x32, 0x1E, 0x09, 0x04, 0xA9, 0x02, 0x0A, 0x0A,
    0x05, 0xB2, 0x2B, 0x68, 0x7F, 0xB0, 0x51, 0xB8, 0xC8, 0x33, 0xAC, 0x18,
    0x19, 0x82, 0x9F, 0x33, 0xAF, 0x13, 0x96, 0xD0, 0xA1, 0x20, 0x0A, 0x10,
    0x80, 0x00, 0x98, 0xA8, 0x30, 0xEA, 0x03, 0x39, 0xF8, 0x61, 0x9B, 0x93,
    0x2A, 0x1E, 0x02, 0x88, 0xA4, 0xA8, 0x01, 0x22, 0xE0, 0x11, 0x89, 0x5D,
    0x28, 0x09, 0x99, 0x25, 0xAA, 0x91, 0x84, 0x18, 0xDB, 0x05, 0x10, 0xBB,
    0x27, 0x19, 0xA8, 0x92, 0x4C, 0x08, 0x80, 0x10, 0xE9, 0x32, 0x0B, 0xA1,
    0x34, 0x9D, 0x92, 0x68, 0xA0, 0x89, 0x13, 0xBA, 0xF0, 0x33, 0x1F, 0x80,
    0x58, 0xB8, 0x22, 0xA9, 0x82, 0x4B, 0xE0, 0x33, 0x9E, 0x93, 0x49, 0xA9,
    0x91, 0x79, 0x99, 0x01, 0x10, 0xB9, 0x22, 0x80, 0xBD, 0x60, 0x9A, 0x94,
    0x2A, 0x80, 0x18, 0xB1, 0x97, 0x09, 0xAB, 0xA4, 0x69, 0xB0, 0x2A, 0x30,
    0x09, 0x93, 0x6C, 0xA1, 0x28, 0xB0, 0x00, 0x50, 0xBB, 0x04, 0x10, 0x9B,
    0x7F, 0x90, 0x49, 0xD8, 0x11, 0x30, 0xF8, 0x30, 0x80, 0xB1, 0x33, 0xAF,
    0x83, 0x3D, 0x01, 0x12, 0xCA, 0x04, 0x1C, 0xC8, 0x39, 0x29, 0xB0, 0x78,
    0x1A, 0x02, 0x90, 0x91, 0xB0, 0x60, 0xD1, 0xA3, 0x39, 0xCC, 0x15, 0x99,
    0x90, 0x38, 0x8B, 0x35, 0x8C, 0xA3, 0x28, 0xAC, 0xC8, 0x50, 0x01, 0x8A,
    0x7C, 0x18, 0x28, 0xB3, 0x1A, 0xA6, 0x1C, 0xC5, 0x19, 0x89, 0xA8, 0x78,
    0xAA, 0x02, 0x30, 0xE0, 0x00, 0x28, 0xB0, 0x31, 0x89, 0xC1, 0x03, 0xB8,
    0x1A, 0x48, 0x89, 0xA1, 0x70, 0xF8, 0x12, 0x0A, 0xB7, 0xA8, 0x81, 0x19,
    0x2C, 0x82, 0x18, 0x19, 0xC1, 0x38, 0xCA, 0x07, 0x8A, 0xA1, 0x30, 0x49,
    0xB0, 0x2B, 0x85, 0x01, 0xDA, 0x33, 0x0D, 0x92, 0x0B, 0x3B, 0x31, 0x89,
    0x99, 0x73, 0xE8, 0x23, 0xAB, 0x01, 0x0B, 0x97, 0x09, 0xB9, 0x02, 0x6D,
    0x3B, 0x92, 0x18, 0x88, 0xD4, 0x29, 0xAA, 0x32, 0x7F, 0x1D, 0xB3, 0x28,
    0xD1, 0x83, 0x4F, 0x02, 0x19, 0x90, 0x12, 0xB9, 0x08, 0xBA, 0x5C, 0x18,
    0x83, 0x4E, 0x08, 0x12, 0x8C, 0x94, 0x2A, 0xA9, 0xB2, 0x72, 0xB9, 0x13,
    0x0D, 0x2A, 0xB1, 0x4E, 0x21, 0x88, 0x89, 0xB6, 0x29, 0xB1, 0x1F, 0x5B,
    0x00, 0x12, 0xC8, 0x96, 0x89, 0x08, 0x11, 0x9A, 0x00, 0x80, 0x1C, 0x20,
    0x82, 0x90, 0xF2, 0x28, 0x9E, 0x02, 0x2A, 0xB8, 0x48, 0x89, 0x11, 0x13,
    0xCA, 0x89, 0x27, 0x1F, 0x10, 0x10, 0x8A, 0xD2, 0x20, 0x99, 0x89, 0x02,
    0x00, 0xAA, 0x0D, 0x72, 0x89, 0x93, 0x3C, 0x8A, 0x96, 0x40, 0xFA, 0x12,
    0x0A, 0x89, 0x83, 0x38, 0xA6, 0xF0, 0x10, 0x88, 0x1A, 0x18, 0x81, 0x2C,
    0x10, 0x9A, 0x85, 0x20, 0xCA, 0x12, 0x85, 0xC8, 0x09, 0x93, 0x10, 0xE0,
    0x32, 0xBF, 0x03, 0x20, 0xAC, 0x81, 0x29, 0x20, 0x91, 0xD3, 0x88, 0xA8,
    0x3B, 0x0D, 0x17, 0x0C, 0x7F, 0x09, 0x09, 0x22, 0xA9, 0xC7, 0x08, 0x08,
    0x0A, 0x23, 0x9B, 0x0B, 0x4B, 0x80, 0x31, 0xE9, 0x95, 0x29, 0xBA, 0x07,
    0x89, 0x88, 0x84, 0x83, 0x9A, 0x90, 0x3D, 0xC7, 0x0A, 0x1B, 0x4A, 0x39,
    0xA4, 0x00, 0xBA, 0x06, 0x2D, 0xBA, 0x72, 0xAB, 0x86, 0x08, 0xA8, 0x12,
    0xA9, 0x92, 0x1A, 0x9A, 0x45, 0xB9, 0x00, 0x58, 0x89, 0x00, 0x82, 0x92,
    0xCA, 0x82, 0x2F, 0x29, 0x21, 0xD0, 0x00, 0x12, 0x9C, 0x94, 0x8D, 0x03,
    0x1D, 0x01, 0x01, 0x08, 0xCB, 0x70, 0xAA, 0x80, 0x43, 0x9C, 0x83, 0x48,
    0xBB, 0x16, 0x0B, 0xA1, 0x23, 0xAE, 0x93, 0x09, 0x01, 0xBA, 0x58, 0x4D,
    0x01, 0x82, 0x98, 0x82, 0x2B, 0xD5, 0x81, 0xB9, 0x12, 0x3E, 0x2B, 0x84,
    0x0C, 0x02, 0x99, 0x89, 0x08, 0x92, 0x21, 0x09, 0xF0, 0x68, 0xA9, 0x14,
    0x99, 0x80, 0x0C, 0x18, 0x11, 0x2B, 0xF3, 0x08, 0x89, 0xBC, 0x70, 0x08,
    0x7F, 0x01, 0x04, 0xCB, 0x84, 0x48, 0xC8, 0x23, 0xAC, 0x88, 0x10, 0x18,
    0xAA, 0x4F, 0x82, 0x10, 0xB8, 0xC7, 0x3A, 0xBA, 0x27, 0x8A, 0x00, 0x91,
    0x2C, 0x00, 0x02, 0x0A, 0xC4, 0x18, 0x8B, 0xD4, 0x10, 0xBB, 0x06, 0x3B,
    0xC0, 0x10, 0x98, 0x23, 0xAD, 0x85, 0x49, 0xD8, 0x13, 0x1A, 0xE0, 0x11,
    0x18, 0xBB, 0x22, 0x10, 0xAB, 0x34, 0x00, 0x9D, 0x02, 0x09, 0x10, 0xAD,
    0x78, 0x8A, 0xAB, 0x54, 0x89, 0x98, 0x20, 0xB3, 0x19, 0xA0, 0x0C, 0x5A,
    0x13, 0x9F, 0x02, 0x11, 0x9B, 0x90, 0x04, 0x08, 0x9A, 0x5A, 0x2E, 0x14,
    0x9B, 0x2B, 0x41, 0xBD, 0x97, 0x88, 0x89, 0x83, 0x19, 0x08, 0x98, 0x1D,
    0x04, 0x0B, 0xA3, 0x07, 0x8A, 0xB8, 0x51, 0xA8, 0x8B, 0x27, 0x8B, 0x80,
    0x23, 0x3F, 0xB0, 0x32, 0x8A, 0xA2, 0x50, 0xAA, 0x02, 0xAC, 0x48, 0x81,
    0xC2, 0x1A, 0xB0, 0x52, 0xA0, 0x49, 0xDB, 0x25, 0x7F, 0x0C, 0x90, 0x43,
    0xCC, 0x83, 0x30, 0xAF, 0x13, 0x8A, 0x90, 0x05, 0x9A, 0x82, 0x12, 0x9F,
    0x82, 0x08, 0x2B, 0x90, 0x20, 0xA8, 0xB7, 0x01, 0x8C, 0x93, 0x39, 0xE9,
    0x24, 0x0F, 0x28, 0x88, 0x09, 0x86, 0x9B, 0x83, 0x3C, 0x82, 0x28, 0xC9,
    0x00, 0x50, 0xAA, 0x83, 0x01, 0xC8, 0x58, 0xA0, 0x19, 0xA9, 0x31, 0x0F,
    0x91, 0x41, 0xC0, 0xA4, 0x28, 0x0C, 0xC0, 0x68, 0x81, 0xA8, 0x28, 0xBA,
    0x40, 0x69, 0x9A, 0x94, 0x3B, 0xC0, 0x29, 0xC5, 0x19, 0xA8, 0x22, 0xAC,
    0x50, 0xA8, 0x1A, 0x11, 0x29, 0x80, 0x21, 0xF0, 0x18, 0x90, 0x1D, 0x28,
    0x90, 0x22, 0xD2, 0xB1, 0x40, 0xC4, 0x9B, 0x01, 0xA8, 0x97, 0x8A, 0xA1,
    0x5B, 0x08, 0x81, 0x0A, 0x23, 0x0B, 0xBC, 0x87, 0x2E, 0x01, 0x83, 0x38,
    0x8C, 0x92, 0x38, 0xE0, 0x08, 0x80, 0x9C, 0x07, 0x1A, 0xB2, 0x9E, 0x41,
    0xAA, 0x01, 0x04, 0x1A, 0x7F, 0xDA, 0x27, 0x1B, 0x92, 0x30, 0xE9, 0x12,
    0x18, 0xD9, 0x22, 0x9B, 0x10, 0x18, 0x38, 0x91, 0xA6, 0xD8, 0x81, 0x10,
    0x8F, 0x81, 0x12, 0x0C, 0x13, 0xBB, 0x32, 0xA7, 0xAC, 0x83, 0x4B, 0x1B,
    0x21, 0xA0, 0x1A, 0x70, 0x9D, 0xB6, 0x10, 0x9A, 0x01, 0x08, 0x8A, 0x03,
    0x0A, 0x92, 0xC4, 0x1C, 0x81, 0x38, 0x9C, 0xC2, 0x78, 0x88, 0xA0, 0x29,
    0x59, 0x99, 0x04, 0xC3, 0x90, 0xCC, 0x22, 0x2A, 0x08, 0xA1, 0x6A, 0xA1,
    0x22, 0x8C, 0x2A, 0x02, 0xAE, 0x40, 0x8B, 0x08, 0x97, 0xC3, 0x98, 0x91,
    0x7B, 0x18, 0x18, 0x81, 0xC2, 0xB3, 0x18, 0x09, 0xF8, 0x33, 0x8A, 0x0F,
    0x38, 0x08, 0x82, 0xE3, 0xC0, 0x18, 0x39, 0x1B, 0x91, 0x23, 0x9D, 0xA1,
    0x32, 0xBA, 0x84, 0xA1, 0x2F, 0x49, 0x4C, 0x93, 0x89, 0x02, 0xD9, 0x22,
    0x6B, 0xB0, 0x23, 0x0F, 0xB4, 0x29, 0x98, 0x32, 0x9F, 0xA2, 0x48, 0xB9,
    0x7F, 0x23, 0x1A, 0xC9, 0x25, 0x9A, 0x88, 0x16, 0x89, 0xA9, 0x23, 0x1A,
    0xB9, 0x23, 0x8F, 0x02, 0x1B, 0xE1, 0x02, 0x2C, 0xA1, 0x02, 0x2B, 0xB0,
    0x31, 0xD7, 0x09, 0x88, 0x00, 0x30, 0xBB, 0x83, 0x1B, 0x7D, 0xB3, 0x50,
    0xC0, 0x80, 0x38, 0xAA, 0x95, 0x18, 0xA0, 0x85, 0x8C, 0x93, 0x18, 0xC0,
    0x92, 0x49, 0xB1, 0x9B, 0x46, 0xA8, 0x98, 0x10, 0x9A, 0x71, 0x98, 0x90,
    0x1C, 0x7B, 0x92, 0x28, 0xC3, 0xB1, 0x08, 0x1B, 0x79, 0x1A, 0xB2, 0x20,
    0xC9, 0x22, 0x11, 0x1F, 0x99, 0x82, 0x4C, 0x3B, 0x08, 0x96, 0x81, 0xC0,
    0x20, 0x90, 0xA4, 0x01, 0x8F, 0x97, 0x1C, 0xA0, 0x24, 0x1D, 0xB2, 0x48,
    0x0B, 0xA1, 0x41, 0xAA, 0xB4, 0x10, 0x99, 0x88, 0x70, 0x99, 0x80, 0x03,
    0xAA, 0x02, 0x28, 0xCC, 0x24, 0x0A, 0xF3, 0x10, 0xA9, 0x81, 0x6B, 0x98,
    0x22, 0xE9, 0x15, 0x0B, 0x99, 0x60, 0x88, 0x88, 0x7F, 0x80, 0x4A, 0xC8,
    0x31, 0x90, 0xAA, 0x27, 0x0A, 0x90, 0x21, 0x99, 0x9F, 0x12, 0x20, 0xBA,
    0xC7, 0x09, 0x80, 0x29, 0xB8, 0x30, 0xB8, 0x5A, 0x91, 0x01, 0x2B, 0xA8,
    0x41, 0x91, 0xF5, 0x99, 0x08, 0x9D, 0x32, 0x2A, 0xC8, 0x41, 0x89, 0x90,
    0x32, 0xF9, 0x21, 0x00, 0xD1, 0x08, 0x91, 0x20, 0xBF, 0x03, 0x20, 0xA0,
    0xF0, 0x02, 0x4C, 0xB8, 0x70, 0x89, 0x98, 0x12, 0x18, 0xAA, 0x03, 0x88,
    0xAA, 0x03, 0xE5, 0x1A, 0x90, 0x2A, 0x41, 0xBB, 0x83, 0x11, 0x4C, 0xC1,
    0x32, 0xFC, 0x13, 0x12, 0xEA, 0x40, 0x98, 0x94, 0xA3, 0x9A, 0x0B, 0x78,
    0xA8, 0x23, 0x1A, 0xF9, 0x41, 0x98, 0xA9, 0x42, 0xAA, 0x08, 0x11, 0x99,
    0x81, 0x7A, 0xB9, 0x22, 0x01, 0x0F, 0x38, 0x81, 0x89, 0x08, 0x99, 0x05,
    0x92, 0xD2, 0x50, 0xBB, 0xA1, 0x60, 0xC9, 0x40, 0x0B, 0x81, 0x07, 0xB0,
    0x80, 0x18, 0x98, 0x0C, 0x7F, 0x12, 0x9A, 0x14, 0x11, 0xDC, 0x13, 0x10,
    0xAC, 0x83, 0x2B, 0x99, 0x45, 0x0F, 0x19, 0x31, 0xB8, 0x13, 0x8B, 0xC8,
    0x36, 0xC8, 0xA3, 0x2D, 0x08, 0x49, 0x88, 0xA0, 0x49, 0x21, 0xDC, 0x31,
    0x01, 0x8A, 0x15, 0xCA, 0x32, 0xAB, 0x2B, 0x71, 0xAB, 0x04, 0xE3, 0x0A,
    0x99, 0x07, 0x80, 0xA8, 0x18, 0x3B, 0x69, 0xB8, 0x30, 0xC2, 0x83, 0x8C,
    0x2A, 0x91, 0x48, 0x91, 0xF8, 0x32, 0x9A, 0x8A, 0x79, 0xA1, 0x39, 0x0A,
    0x9A, 0x53, 0xCB, 0x28, 0x30, 0xB9, 0x17, 0x80, 0xBA, 0x20, 0x7B, 0x99,
    0x35, 0x9A, 0xD0, 0x42, 0x99, 0xB0, 0x43, 0xAE, 0x19, 0x20, 0x8A, 0x83,
    0xA0, 0x85, 0x19, 0x89, 0xA8, 0x61, 0xBB, 0xD2, 0x24, 0x9B, 0x18, 0x14,
    0xF8, 0x23, 0x1F, 0x81, 0x00, 0x08, 0x0C, 0x02, 0x9A, 0x10, 0xB3, 0x2A,
    0x07, 0xCC, 0x31, 0x10, 0x89, 0xB4, 0x29, 0xB9, 0x6B, 0x30, 0xBA, 0x23,
    0x7F, 0x98, 0xA8, 0x44, 0x9D, 0x19, 0xA0, 0x22, 0xF0, 0x39, 0xB9, 0x34,
    0x91, 0x89, 0x04, 0xBA, 0x68, 0x92, 0x0F, 0x02, 0x09, 0x90, 0x07, 0x81,
    0xAD, 0x85, 0x2A, 0x8A, 0x91, 0x4B, 0x01, 0x18, 0xC9, 0x12, 0x8B, 0x91,
    0x9B, 0x61, 0x29, 0xD9, 0xA2, 0x1A, 0x27, 0x2A, 0xE0, 0x41, 0x99, 0x2C,
    0xD0, 0x32, 0x9B, 0x1B, 0x80, 0x36, 0x99, 0x22, 0x18, 0xBC, 0x12, 0x9A,
    0x04, 0x51, 0xCA, 0x82, 0x41, 0xF9, 0x02, 0x20, 0x0D, 0xD2, 0x30, 0xBB,
    0x26, 0x9B, 0x82, 0x3A, 0xF8, 0x42, 0xAA, 0x00, 0x58, 0xA9, 0x02, 0x00,
    0xBA, 0x02, 0x68, 0x9D, 0x11, 0x82, 0xB0, 0x10, 0x0B, 0x94, 0x08, 0x89,
    0x87, 0x12, 0xBF, 0x81, 0x01, 0xA9, 0xA3, 0x58, 0xD0, 0x24, 0x8C, 0xA2,
    0x2B, 0x19, 0x93, 0x19, 0xF2, 0x02, 0x3A, 0xF0, 0x23, 0x8C, 0xA3, 0x88,
    0x8A, 0x86, 0x0A, 0x08, 0x82, 0x48, 0xE8, 0x20, 0x7F, 0x98, 0xC1, 0x48,
    0xA9, 0x40, 0x8A, 0x80, 0x88, 0x33, 0x98, 0xFB, 0x22, 0x88, 0x12, 0x42,
    0xCF, 0x11, 0x28, 0xB8, 0x12, 0xE9, 0x02, 0x18, 0x2F, 0x91, 0x30, 0x8A,
    0x09, 0xE8, 0x61, 0xA9, 0x80, 0x88, 0x54, 0xAB, 0xA2, 0x60, 0xB9, 0x21,
    0x9D, 0x95, 0x1B, 0xA1, 0x21, 0x5D, 0xA2, 0x40, 0xC8, 0x01, 0x08, 0x9A,
    0x80, 0x32, 0x99, 0x00, 0x17, 0x8A, 0x92, 0x0F, 0x28, 0x81, 0x19, 0xE9,
    0x51, 0x8A, 0xA4, 0x19, 0x98, 0x11, 0x99, 0xA2, 0x28, 0x8C, 0x30, 0x0A,
    0x97, 0x7A, 0x98, 0x80, 0x02, 0x0B, 0xC8, 0x33, 0x8E, 0x39, 0x12, 0x80,
    0xD8, 0x81, 0x0C, 0xA7, 0x80, 0x88, 0x0B, 0x22, 0x1B, 0x02, 0xC8, 0x13,
    0xDB, 0x11, 0xC4, 0x13, 0x3B, 0xF9, 0x06, 0x2A, 0xC8, 0x10, 0x10, 0xA9,
    0x0A, 0x04, 0x4B, 0xD0, 0x21, 0x29, 0xA9, 0x91, 0xB0, 0x71, 0xA9, 0x19,
    0x23, 0xF8, 0x30, 0xD2, 0x7F, 0x88, 0x10, 0x82, 0xD1, 0x0A, 0x92, 0x4E,
    0x12, 0x0C, 0xB4, 0x93, 0x28, 0x9A, 0x06, 0x99, 0xA0, 0x10, 0x9B, 0x43,
    0x9C, 0x98, 0x70, 0x98, 0x9B, 0x54, 0x1D, 0x92, 0x0B, 0x30, 0xB0, 0x42,
    0xFB, 0x34, 0x0A, 0xA9, 0x26, 0x8B, 0x93, 0x31, 0xF9, 0x82, 0x28, 0x9E,
    0x12, 0x0A, 0x98, 0x03, 0x0A, 0x94, 0xA3, 0x0C, 0xB1, 0x40, 0xC0, 0x31,
    0x8B, 0xD2, 0x48, 0x8A, 0xB1, 0x97, 0x1B, 0x84, 0x88, 0xAC, 0x35, 0x8C,
    0x0A, 0x31, 0x99, 0xB7, 0x0A, 0x81, 0x22, 0x0F, 0x08, 0x01, 0x00, 0xA9,
    0x94, 0x2A, 0xB0, 0x83, 0x19, 0x32, 0xFC, 0x23, 0x19, 0xC9, 0x00, 0x38,
    0x96, 0xB9, 0xB6, 0x18, 0x2F, 0x29, 0x08, 0x85, 0x1D, 0x98, 0x12, 0x8C,
    0x05, 0x09, 0x9B, 0x52, 0xB1, 0x19, 0xD0, 0x48, 0x88, 0x88, 0x3D, 0x90,
    0x00, 0x05, 0xF1, 0x00, 0x88, 0x09, 0x48, 0xB9, 0x22, 0x1C, 0x80, 0x08,
    0x7F, 0x14, 0xB2, 0x8B, 0x93, 0x7A, 0xA0, 0x30, 0xC8, 0x7A, 0x90, 0x01,
    0x8B, 0x85, 0x38, 0xC9, 0x84, 0x1A, 0x91, 0xA2, 0x8A, 0xC1, 0x48, 0x8D,
    0x10, 0x22, 0x9E, 0xE5, 0x2A, 0xA8, 0x84, 0x09, 0xB8, 0x61, 0xAC, 0x83,
    0x10, 0x9A, 0x24, 0x1B, 0xC1, 0x12, 0xBB, 0x02, 0x12, 0x3F, 0xA1, 0x21,
    0x2F, 0x90, 0x31, 0xA8, 0xB2, 0x5A, 0xB3, 0x3F, 0x20, 0x89, 0x87, 0xB8,
    0x92, 0x48, 0x8D, 0x21, 0x2B, 0xF1, 0x28, 0xA9, 0x82, 0x39, 0xA1, 0x82,
    0x2D, 0x18, 0x9A, 0x53, 0xE9, 0x02, 0x18, 0x90, 0xA2, 0x13, 0xBA, 0x51,
    0xE9, 0x20, 0x88, 0x0D, 0x02, 0x20, 0xC9, 0x09, 0x51, 0xAB, 0x87, 0xA1,
    0x08, 0x8B, 0x4C, 0x59, 0x82, 0xA0, 0x93, 0x21, 0xAD, 0x08, 0x92, 0x20,
    0x40, 0xFA, 0x11, 0x29, 0xC8, 0x20, 0xE0, 0x58, 0xA0, 0x31, 0x90, 0xA9,
    0xD2, 0x91, 0x6A, 0x8A, 0x81, 0x22, 0x8F, 0x18, 0x7F, 0x92, 0x2A, 0x05,
    0xE8, 0x01, 0x09, 0x10, 0x48, 0xB9, 0x23, 0x2E, 0xB8, 0x41, 0x09, 0x98,
    0x00, 0x0A, 0x93, 0xA8, 0x74, 0xDD, 0x32, 0x8B, 0x98, 0x60, 0x98, 0x04,
    0x2F, 0xA4, 0x19, 0xA9, 0x11, 0x2A, 0xB0, 0x03, 0x80, 0x90, 0x09, 0x95,
    0xC9, 0x23, 0xC8, 0x01, 0x83, 0x6A, 0xF1, 0x00, 0x09, 0x00, 0x59, 0xBA,
    0x04, 0xA3, 0x9A, 0x81, 0x2B, 0x8B, 0x26, 0x9E, 0x40, 0x00, 0x8C, 0x97,
    0x9A, 0x81, 0x22, 0x98, 0x18, 0x22, 0xCF, 0x03, 0x88, 0x99, 0x79, 0x98,
    0x19, 0x04, 0xA9, 0x01, 0xAA, 0x35, 0xA8, 0xA8, 0x29, 0x4C, 0x09, 0x01,
    0x92, 0x58, 0x2A, 0xE0, 0x3B, 0x08, 0xB9, 0x37, 0xC5, 0x9A, 0x81, 0x3C,
    0x02, 0x99, 0x00, 0x6C, 0x19, 0x80, 0x11, 0x94, 0x9A, 0x13, 0xF0, 0x38,
    0xAA, 0x93, 0x73, 0xDA, 0x00, 0x29, 0x00, 0xC8, 0x39, 0xC6, 0x2A, 0xC0,
    0x01, 0x4A, 0xB0, 0x31, 0x7F, 0x8A, 0xC0, 0x31, 0x81, 0xF9, 0x21, 0x8A,
    0x19, 0x58, 0xA9, 0x14, 0x0A, 0xB8, 0x09, 0x36, 0x9A, 0x35, 0x0B, 0xE5,
    0x19, 0xA9, 0x93, 0x08, 0xA9, 0x25, 0xA8, 0x93, 0x39, 0xE9, 0x18, 0x40,
    0xA9, 0x96, 0xA8, 0x00, 0x0A, 0x02, 0xA8, 0x54, 0x1F, 0x80, 0x81, 0x2C,
    0x90, 0x29, 0x04, 0x08, 0xC1, 0x80, 0x2B, 0xC2, 0x7B, 0xA3, 0xA8, 0x33,
    0xDA, 0x38, 0xA2, 0x60, 0xB9, 0x14, 0xA8, 0xB0, 0x43, 0xAE, 0x08, 0x81,
    0x51, 0x0D, 0x98, 0x12, 0x1B, 0xA1, 0x39, 0xB7, 0xA1, 0x3C, 0xB2, 0x79,
    0x98, 0x81, 0x19, 0x9A, 0x68, 0xA0, 0x35, 0xF8, 0x01, 0x89, 0x1A, 0x80,
    0x01, 0x12, 0xB4, 0xA2, 0x1D, 0x16, 0xBA, 0x80, 0x12, 0x7D, 0x81, 0x18,
    0x90, 0x09, 0x01, 0x0A, 0xC1, 0x48, 0x98, 0xB9, 0x71, 0xA9, 0x34, 0x8C,
    0xA2, 0x20, 0xBF, 0x97, 0x19, 0xA8, 0x22, 0x8B, 0x90, 0x11, 0xA8, 0x11,
    0x7F, 0x8A, 0x18, 0x01, 0x82, 0x2F, 0xC4, 0x18, 0xA9, 0x30, 0x7B, 0xA1,
    0x1B, 0x1C, 0x24, 0x2B, 0xF1, 0x80, 0x20, 0x98, 0x00, 0x95, 0x18, 0xAB,
    0xD7, 0x88, 0x80, 0x01, 0x3C, 0x98, 0x80, 0x93, 0x9D, 0x93, 0x3C, 0x2A,
    0x80, 0x33, 0xB8, 0x10, 0xA3, 0x7A, 0xF9, 0x31, 0x88, 0xC6, 0x19, 0x90,
    0x19, 0x0D, 0xC1, 0x40, 0xA3, 0x1C, 0x98, 0x04, 0x3E, 0x80, 0x18, 0x13,
    0xD8, 0x09, 0x15, 0xB9, 0x90, 0x02, 0x3F, 0x19, 0x20, 0x90, 0x05, 0xD9,
    0x02, 0x2B, 0x0A, 0x03, 0x0C, 0x05, 0x2F, 0x82, 0x00, 0x09, 0xB1, 0x2A,
    0xA0, 0x86, 0xBA, 0x00, 0xA1, 0x79, 0xA1, 0x16, 0x81, 0xD9, 0x21, 0x28,
    0xE8, 0x01, 0x88, 0x09, 0x32, 0x98, 0x1D, 0x03, 0x1A, 0xBB, 0x26, 0x8D,
    0x92, 0x11, 0xA1, 0xAA, 0x00, 0x65, 0x9A, 0xA0, 0x40, 0x1A, 0xA9, 0x12,
    0x3E, 0x88, 0x81, 0x52, 0xFA, 0x11, 0x01, 0x8A, 0x23, 0x2A, 0xB1, 0x70,
    0xA8, 0x08, 0x92, 0x78, 0xAA, 0x82, 0x39, 0xBB, 0x21, 0x08, 0xD0, 0x58,
    0xB8, 0x33, 0xA1, 0x8A, 0x33, 0x9B, 0x29, 0xF8, 0x23, 0xBD, 0x02, 0x10,
    0x99, 0x92, 0x2A, 0x83, 0x19, 0xA0, 0x01, 0x8A, 0x00, 0x00, 0x00, 0x00,
    0x00, 0x00, 0x00, 0x00, 0x00, 0x00, 0x00, 0x00, 0x7F, 0x00, 0x80, 0x80,
    0x80, 0x80, 0x80, 0x80, 0x80, 0x80, 0x80, 0x80, 0x80, 0x80, 0x80, 0x80,
    0x80, 0x80, 0x80, 0x80, 0x80, 0x80, 0x80, 0x80, 0x80, 0x80, 0x80, 0x80,
    0x80, 0x80, 0x80, 0x80, 0x80, 0x80, 0x80, 0x80, 0x80, 0x80, 0x08, 0x08,
    0x88, 0x08, 0x9A, 0x77, 0x7F, 0xB1, 0xAA, 0x1E, 0x48, 0x22, 0x24, 0x01,
    0x9A, 0xAA, 0x90, 0x99, 0x80, 0x98, 0x27, 0x4A, 0xAD, 0xA0, 0x8C, 0x11,
    0x00, 0x27, 0x31, 0x19, 0x99, 0x8A, 0x98, 0xBA, 0xAC, 0x11, 0x23, 0x38,
    0x97, 0x91, 0x88, 0x00, 0xAC, 0x90, 0xA9, 0x18, 0x40, 0x32, 0x87, 0x0B,
    0x08, 0xA9, 0x90, 0x88, 0x33, 0x70, 0x09, 0x98, 0xF8, 0x2B, 0x2A, 0x20,
    0x17, 0x89, 0xB3, 0x2C, 0x81, 0x14, 0xB9, 0x9A, 0x22, 0x98, 0x11, 0xBF,
    0x0E, 0x83, 0x1C, 0x49, 0x21, 0x08, 0x09, 0x79, 0x91, 0xB1, 0xBB, 0x41,
    0x09, 0x70, 0xB8, 0x0D, 0x7F, 0x82, 0xBC, 0x71, 0x80, 0x01, 0x8C, 0x91,
    0x08, 0x08, 0x03, 0x2C, 0xB5, 0xA3, 0xF8, 0x19, 0x91, 0x87, 0x18, 0x91,
    0x82, 0xF0, 0x91, 0x82, 0x90, 0x23, 0x8A, 0x2A, 0x2F, 0xB1, 0x5A, 0xB8,
    0xC2, 0x1B, 0xB5, 0x32, 0x20, 0xC1, 0x08, 0xB0, 0x11, 0x74, 0xC8, 0x0E,
    0x98, 0x20, 0x81, 0x13, 0x9A, 0x20, 0x8A, 0x9D, 0x9D, 0xA4, 0x40, 0x31,
    0x43, 0x0F, 0x80, 0x09, 0x1F, 0x88, 0x80, 0x09, 0x82, 0x08, 0x00, 0x48,
    0x1B, 0x01, 0x2C, 0x95, 0x18, 0x00, 0xCF, 0x9A, 0x03, 0x12, 0x59, 0x10,
    0x82, 0x48, 0x08, 0x03, 0xC9, 0xD0, 0x18, 0xBA, 0xAD, 0x8C, 0xB9, 0x84,
    0x13, 0xC3, 0x63, 0x09, 0x50, 0x8C, 0xB8, 0x23, 0xFB, 0x15, 0x98, 0x93,
    0x28, 0x98, 0x32, 0x9A, 0x16, 0x9B, 0x8F, 0x80, 0x19, 0x13, 0x88, 0xA1,
    0x7C, 0xC1, 0x39, 0x80, 0x20, 0xA9, 0x91, 0x00, 0x95, 0x02, 0x0B, 0xD4,
    0x7F, 0x29, 0x93, 0x1A, 0xFD, 0x80, 0x01, 0x15, 0x11, 0xA9, 0x81, 0x8D,
    0x80, 0x01, 0x13, 0xF8, 0x8B, 0xA2, 0x18, 0x03, 0xA3, 0x41, 0xA7, 0x42,
    0xAB, 0xC0, 0xC8, 0x90, 0x43, 0x2B, 0x0B, 0xA9, 0x8A, 0x17, 0x4A, 0xA1,
    0x81, 0x23, 0x04, 0x9A, 0xCD, 0xBA, 0x81, 0x53, 0x11, 0x89, 0xA3, 0x08,
    0x92, 0xC0, 0xED, 0x91, 0x81, 0x45, 0xA1, 0x11, 0x28, 0x2D, 0xDA, 0x90,
    0x00, 0x03, 0x30, 0x3A, 0x83, 0xFB, 0xA9, 0x01, 0x38, 0x41, 0x1B, 0xC3,
    0x70, 0x99, 0x87, 0x88, 0x8B, 0x90, 0x01, 0x3B, 0xB5, 0x2A, 0xA8, 0x9A,
    0x82, 0x2C, 0xA5, 0x93, 0x40, 0xB2, 0x1B, 0x28, 0xB9, 0x8E, 0x8A, 0x84,
    0x21, 0x01, 0x30, 0xAA, 0x02, 0x20, 0x0E, 0xC9, 0x3A, 0x19, 0xA0, 0x18,
    0x10, 0x70, 0x91, 0x21, 0x1A, 0xEA, 0x1A, 0xAC, 0x78, 0x89, 0xA3, 0x51,
    0x09, 0x9A, 0x91, 0x29, 0x13, 0xE0, 0x77, 0x7F, 0x7F, 0x98, 0x2B, 0x18,
    0xB9, 0x14, 0x53, 0x10, 0x88, 0x8B, 0x80, 0x9B, 0x99, 0x91, 0x73, 0xBA,
    0xCC, 0x83, 0x09, 0xA9, 0x06, 0x33, 0x20, 0x08, 0xB2, 0xB9, 0xF9, 0xB2,
    0x10, 0x22, 0x88, 0x88, 0xA4, 0x1D, 0x00, 0x80, 0x8B, 0x0C, 0x99, 0x84,
    0x62, 0x98, 0x59, 0xA8, 0x1A, 0x83, 0x00, 0x1B, 0xA7, 0x89, 0xAD, 0x91,
    0x82, 0x60, 0x81, 0x89, 0xA2, 0xB6, 0x99, 0x83, 0xD0, 0x88, 0x80, 0x81,
    0x52, 0x20, 0xA0, 0xF0, 0x88, 0xA0, 0xB2, 0x8A, 0x51, 0x91, 0xE1, 0x88,
    0x28, 0x74, 0x09, 0x08, 0xAB, 0xDB, 0x42, 0x99, 0x08, 0x7A, 0x92, 0xB0,
    0x08, 0x97, 0x08, 0x08, 0x88, 0x21, 0x33, 0xFB, 0x89, 0x89, 0xAB, 0x71,
    0x10, 0x19, 0x89, 0x22, 0xC8, 0x0B, 0x68, 0x42, 0x2A, 0x1B, 0xB2, 0xAF,
    0xF0, 0xAA, 0x09, 0x44, 0x13, 0x98, 0x13, 0x22, 0xA0, 0xCE, 0x9A, 0x89,
    0xA3, 0x14, 0xC0, 0xB4, 0x7F, 0x18, 0xF8, 0x68, 0x89, 0x12, 0x11, 0xB1,
    0x91, 0x09, 0x3D, 0x5A, 0xBB, 0x18, 0xA2, 0xB4, 0x51, 0xAF, 0x00, 0x08,
    0x13, 0x2D, 0x99, 0x19, 0x27, 0x80, 0x99, 0xB1, 0x30, 0x93, 0x89, 0xFB,
    0x83, 0x31, 0x18, 0x11, 0xA4, 0x23, 0x8C, 0x2B, 0xBE, 0x99, 0x3A, 0xF1,
    0x08, 0x08, 0x88, 0x02, 0x01, 0x1A, 0x72, 0x19, 0xDB, 0x46, 0xCA, 0x02,
    0x88, 0xB3, 0x58, 0x08, 0x19, 0x49, 0x82, 0x91, 0xC9, 0x8F, 0xB8, 0x17,
    0xA2, 0x93, 0x98, 0x03, 0x91, 0x9B, 0xDB, 0x31, 0x22, 0x0C, 0xB1, 0x91,
    0x83, 0x27, 0x20, 0xAD, 0x01, 0x8C, 0x81, 0x2C, 0xB1, 0x3F, 0x14, 0x02,
    0x11, 0x8F, 0x99, 0x91, 0x06, 0x82, 0x9A, 0x9B, 0x3B, 0xA0, 0x50, 0xA2,
    0x05, 0x18, 0x93, 0x39, 0xFB, 0x90, 0x20, 0x09, 0x10, 0x03, 0x2F, 0x09,
    0xB9, 0x10, 0x3F, 0x82, 0x51, 0x01, 0x3C, 0xB8, 0x98, 0x32, 0x34, 0x9B,
    0x7F, 0xFF, 0x08, 0x11, 0x18, 0x01, 0xA1, 0x11, 0x1B, 0x94, 0x8B, 0x99,
    0x90, 0x91, 0xC4, 0x3F, 0xA2, 0x09, 0x30, 0x15, 0x01, 0xBB, 0xBF, 0xC1,
    0x14, 0x31, 0x82, 0xA0, 0x9A, 0x8C, 0x08, 0x12, 0x10, 0x4A, 0x4A, 0x89,
    0xFB, 0x29, 0x90, 0xA6, 0x81, 0x71, 0x0A, 0xBB, 0xC1, 0x03, 0x83, 0x98,
    0x2A, 0x75, 0x09, 0xC8, 0xA8, 0x90, 0x11, 0xB0, 0x52, 0x19, 0x80, 0x81,
    0x3E, 0xA8, 0x20, 0x38, 0xDE, 0x02, 0x12, 0x88, 0x9A, 0xB2, 0xF9, 0x02,
    0x70, 0x08, 0x2B, 0x82, 0x09, 0xCB, 0x21, 0x99, 0x7B, 0x92, 0x0A, 0x8A,
    0x07, 0x10, 0xAC, 0x08, 0x20, 0x33, 0x46, 0x0A, 0x02, 0xDB, 0x90, 0x19,
    0x80, 0x48, 0xAE, 0xC0, 0x9C, 0x10, 0x42, 0x31, 0x20, 0x83, 0xB0, 0x89,
    0xF9, 0x9F, 0x90, 0x12, 0x33, 0x14, 0x09, 0xD0, 0x8E, 0x19, 0x92, 0xA0,
    0x05, 0x80, 0x01, 0x8D, 0x18, 0x88, 0x13, 0x31, 0x7F, 0xBA, 0x11, 0xFC,
    0x81, 0x82, 0xBD, 0x11, 0x24, 0x1B, 0x10, 0x30, 0x3B, 0x9F, 0xE8, 0xA1,
    0x34, 0x12, 0x10, 0x8C, 0xDA, 0x84, 0x80, 0x00, 0x90, 0x29, 0x21, 0xD2,
    0x80, 0x20, 0xEC, 0xA3, 0x31, 0xD8, 0x13, 0x88, 0x13, 0x80, 0xB3, 0x9E,
    0xF8, 0x00, 0x93, 0x89, 0x9E, 0x11, 0x41, 0x50, 0x90, 0x01, 0x90, 0xD9,
    0xAB, 0x19, 0x3A, 0x98, 0x52, 0x08, 0x07, 0x0A, 0x99, 0x09, 0x48, 0x19,
    0xEA, 0x09, 0x83, 0x24, 0x13, 0x09, 0x38, 0x97, 0xB9, 0x88, 0xCA, 0x41,
    0x82, 0x44, 0xFA, 0x88, 0x9B, 0x91, 0x73, 0x88, 0x09, 0xB3, 0x18, 0xC9,
    0x31, 0xAE, 0x80, 0x19, 0x38, 0x70, 0x8A, 0x13, 0x2A, 0x84, 0xA0, 0x1D,
    0xAB, 0xB9, 0xA9, 0xA7, 0x72, 0x0A, 0x8A, 0x00, 0xB0, 0x19, 0x14, 0x92,
    0x2A, 0xAC, 0xB2, 0x01, 0x27, 0x2F, 0x08, 0x80, 0x92, 0x02, 0x80, 0x0D,
    0x88, 0x2A, 0x32, 0x01, 0x7F, 0x59, 0xBE, 0x03, 0xDA, 0x11, 0x88, 0x19,
    0x4C, 0x82, 0x02, 0x4D, 0x21, 0x08, 0xB8, 0xA9, 0x15, 0xA9, 0x10, 0xB0,
    0xAC, 0x2A, 0x20, 0x47, 0x82, 0x1C, 0x97, 0x19, 0x89, 0x10, 0xB8, 0xC0,
    0x30, 0xA3, 0xC8, 0x19, 0x18, 0x4B, 0x0C, 0xFA, 0x08, 0x60, 0x80, 0x8A,
    0xB2, 0x46, 0x30, 0xB1, 0xAC, 0x12, 0x83, 0x8F, 0xA1, 0x20, 0x34, 0x9A,
    0xAC, 0xAB, 0xA4, 0x99, 0xBD, 0x43, 0x20, 0x42, 0x21, 0x2F, 0xA0, 0x90,
    0x0A, 0x1A, 0xAE, 0x02, 0x40, 0xB8, 0x01, 0x88, 0xA8, 0x74, 0x10, 0x2B,
    0xBB, 0x83, 0x08, 0x32, 0x9D, 0x90, 0xFB, 0x28, 0x18, 0x97, 0x39, 0x38,
    0x0B, 0xB9, 0xF8, 0x98, 0x02, 0x78, 0x3E, 0xA8, 0x08, 0x82, 0x14, 0x18,
    0x88, 0x49, 0x20, 0x88, 0xD8, 0x8A, 0xA0, 0xB0, 0x93, 0x53, 0x94, 0xA0,
    0xD0, 0x92, 0x33, 0xC8, 0xFA, 0x23, 0x40, 0x90, 0x10, 0xAC, 0x8C, 0xB1,
    0x7F, 0x15, 0x12, 0x04, 0x8B, 0xCB, 0xBD, 0x98, 0x12, 0x44, 0x20, 0x49,
    0x98, 0x3E, 0xC1, 0x30, 0x99, 0x80, 0xBC, 0x01, 0x72, 0x80, 0x20, 0x20,
    0xF8, 0x9A, 0xA9, 0x02, 0x2A, 0xB9, 0x53, 0x59, 0xB9, 0x91, 0x39, 0x71,
    0x99, 0x8B, 0x09, 0xC1, 0x34, 0x24, 0x0B, 0xD9, 0x11, 0x99, 0x09, 0x18,
    0x3C, 0x9B, 0x75, 0x49, 0x89, 0x1B, 0xBB, 0x93, 0x9A, 0xCC, 0x49, 0x17,
    0x48, 0x8A, 0x98, 0xBA, 0x2A, 0x87, 0x22, 0x9B, 0x1A, 0x06, 0x11, 0x20,
    0xF9, 0x00, 0x00, 0xA8, 0x88, 0xB0, 0xA0, 0x20, 0x80, 0x68, 0x41, 0x58,
    0xBA, 0x91, 0xD1, 0x00, 0x50, 0xC8, 0xBA, 0x28, 0x62, 0x14, 0x0A, 0xC2,
    0x9B, 0x09, 0x08, 0x8B, 0x70, 0x08, 0xB0, 0x2C, 0x0A, 0xCC, 0x52, 0x01,
    0x10, 0x03, 0x90, 0x99, 0xB1, 0xBF, 0x40, 0xB9, 0x08, 0xF2, 0x08, 0x03,
    0x50, 0x18, 0xB8, 0xAA, 0x08, 0xF0, 0x92, 0x4C, 0x7F, 0x20, 0x09, 0x0D,
    0x81, 0x1C, 0x82, 0x21, 0x58, 0x99, 0x25, 0x29, 0x98, 0xAB, 0xBB, 0x23,
    0xCD, 0x33, 0x20, 0x3E, 0x02, 0x11, 0x80, 0xFC, 0xA0, 0x00, 0x51, 0x02,
    0x1B, 0x9B, 0xAC, 0x39, 0x05, 0x29, 0x80, 0x3B, 0xF1, 0x9B, 0x14, 0x21,
    0x60, 0x88, 0xDA, 0x9A, 0x23, 0xA1, 0x1A, 0x39, 0xA3, 0x85, 0x18, 0x60,
    0x1A, 0x90, 0xC9, 0xA2, 0x8E, 0x16, 0x1B, 0x90, 0x20, 0x89, 0x2F, 0xA0,
    0x1A, 0xB7, 0x31, 0x88, 0x9C, 0x89, 0x03, 0x8B, 0xA5, 0x2A, 0x52, 0x19,
    0xA2, 0x2B, 0xBC, 0x90, 0xC0, 0x4A, 0xD0, 0xA1, 0x18, 0x99, 0x00, 0x52,
    0x81, 0x56, 0xA0, 0x22, 0x0C, 0xC9, 0xB0, 0x80, 0x94, 0x4A, 0x89, 0x01,
    0x9A, 0x74, 0x88, 0xAD, 0x01, 0x31, 0xAA, 0xAC, 0x2A, 0x61, 0x08, 0x88,
    0xA2, 0x11, 0xA5, 0x13, 0x9B, 0xFE, 0xA1, 0x88, 0x23, 0x33, 0x90, 0x00,
    0xBD, 0x01, 0x01, 0xC0, 0x7F, 0x83, 0x1D, 0x51, 0xB9, 0x1A, 0xAC, 0x9A,
    0x69, 0xA2, 0x21, 0x54, 0x82, 0x82, 0xC8, 0x99, 0x9B, 0xA8, 0x04, 0x52,
    0xD9, 0xA0, 0x98, 0xB9, 0x73, 0x01, 0x0B, 0xF9, 0x93, 0x00, 0x25, 0x0C,
    0x81, 0x00, 0x9C, 0x19, 0x24, 0x08, 0x80, 0x8A, 0xE8, 0x10, 0x07, 0x08,
    0xA3, 0xAA, 0xBC, 0x13, 0x12, 0xA8, 0x73, 0x0C, 0x00, 0xC8, 0xAA, 0x20,
    0x73, 0x19, 0xCA, 0x9D, 0xB8, 0x14, 0x44, 0x09, 0x10, 0x0A, 0xBB, 0x13,
    0x41, 0x90, 0x9E, 0x9A, 0x09, 0xB9, 0x37, 0x20, 0x08, 0x1E, 0x80, 0x89,
    0x08, 0x33, 0x98, 0xCB, 0xF9, 0x12, 0x43, 0x21, 0x48, 0xB9, 0xA0, 0x2B,
    0xA7, 0x09, 0xAC, 0x08, 0xAB, 0x99, 0x85, 0x4A, 0x11, 0x41, 0x4B, 0x08,
    0xBB, 0xAF, 0x92, 0x23, 0x72, 0x88, 0x9A, 0xC9, 0xB9, 0xB7, 0x18, 0x28,
    0x08, 0x9C, 0x99, 0x35, 0x21, 0x02, 0x1C, 0x12, 0xCD, 0x88, 0x94, 0x18,
    0x7F, 0xA9, 0x09, 0xCB, 0x34, 0x01, 0x28, 0x01, 0xF9, 0x13, 0x03, 0x08,
    0xB8, 0x8C, 0x9A, 0xDA, 0x45, 0x22, 0x91, 0x19, 0xBC, 0xBB, 0x4B, 0x19,
    0x42, 0x7A, 0xA9, 0x01, 0xA5, 0x11, 0x09, 0xAD, 0xB2, 0x10, 0xA0, 0xB3,
    0x74, 0x80, 0x89, 0x8E, 0x11, 0xA9, 0x01, 0x00, 0x21, 0x20, 0xC0, 0xE8,
    0x80, 0x98, 0xB0, 0x91, 0x20, 0x13, 0x72, 0x88, 0x80, 0x8C, 0xBC, 0xA1,
    0x01, 0x70, 0x89, 0x30, 0x8B, 0xBA, 0x10, 0x0C, 0xB6, 0x32, 0x38, 0xAA,
    0xC8, 0x30, 0xB1, 0xB0, 0x0F, 0x9A, 0x22, 0x61, 0x01, 0x99, 0x89, 0x90,
    0x0A, 0xA6, 0xA0, 0xA2, 0x40, 0x83, 0xAF, 0xC8, 0x13, 0x08, 0x10, 0x8A,
    0x8B, 0x2B, 0x11, 0x26, 0x18, 0x82, 0x8C, 0xC1, 0x19, 0x8A, 0x93, 0x49,
    0x22, 0xBA, 0x20, 0x99, 0x51, 0x9B, 0xE0, 0x88, 0x98, 0x30, 0x3A, 0x21,
    0x18, 0xCB, 0x92, 0xAC, 0x05, 0x04, 0x11, 0x99, 0x7F, 0xBB, 0x2A, 0x05,
    0x43, 0x10, 0xD9, 0x98, 0xAB, 0x80, 0x99, 0x38, 0x81, 0xB9, 0x10, 0xAA,
    0x44, 0x32, 0x01, 0x02, 0xDB, 0x99, 0x19, 0x5A, 0x8A, 0x03, 0x49, 0x2C,
    0xA0, 0x1B, 0xD9, 0x31, 0x8C, 0x00, 0x50, 0x01, 0x98, 0x01, 0x10, 0x2B,
    0xE1, 0x12, 0x99, 0x90, 0x21, 0xBB, 0x15, 0x1A, 0xC8, 0x11, 0x83, 0x09,
    0x01, 0x88, 0x38, 0xB0, 0x99, 0x1B, 0x93, 0x34, 0x1A, 0xC1, 0x9A, 0xEA,
    0x19, 0x81, 0x49, 0x13, 0x30, 0x81, 0xAB, 0xB9, 0x02, 0x55, 0x81, 0x09,
    0xB9, 0x90, 0x12, 0x21, 0xC0, 0xAD, 0xB9, 0x01, 0x03, 0x11, 0x22, 0xA2,
    0x29, 0xCB, 0x9A, 0x81, 0x93, 0x34, 0x29, 0xC9, 0x44, 0x8B, 0x8B, 0xC8,
    0x09, 0x14, 0x3A, 0xC8, 0x11, 0x19, 0x89, 0x00, 0x00, 0x09, 0x11, 0x99,
    0x00, 0x8B, 0x84, 0x98, 0x41, 0x08, 0xA8, 0xA4, 0x9A, 0xC2, 0x33, 0x23,
    0x2B, 0xCC, 0x91, 0xB8, 0x7F, 0x88, 0x02, 0x30, 0x8B, 0x00, 0x81, 0xA2,
    0x13, 0x38, 0xAB, 0xBA, 0x88, 0x35, 0x20, 0x12, 0x99, 0xAC, 0xA9, 0xA8,
    0x34, 0x8A, 0x12, 0xAB, 0xC3, 0x10, 0x2A, 0xA8, 0x15, 0xA0, 0x2A, 0x80,
    0x18, 0x91, 0x20, 0x28, 0xA8, 0x9A, 0x81, 0x98, 0x38, 0x11, 0x30, 0xFA,
    0x91, 0x11, 0x32, 0x1A, 0xAC, 0x9B, 0x54, 0x8A, 0xA0, 0x28, 0x20, 0x08,
    0xBB, 0x90, 0x20, 0x8B, 0x00, 0x43, 0x21, 0x01, 0x8C, 0x88, 0x80, 0x80,
    0x21, 0x9A, 0x9B, 0xBC, 0x12, 0x61, 0x11, 0x0A, 0xCA, 0x08, 0x90, 0x11,
    0xA0, 0x10, 0x08, 0x13, 0x31, 0xCF, 0x89, 0x21, 0x09, 0x08, 0x12, 0x10,
    0x20, 0x01, 0x09, 0xDB, 0x89, 0x01, 0x00, 0x09, 0x81, 0x10, 0x91, 0x08,
    0x89, 0x88, 0x10, 0x22, 0x98, 0x88, 0xA8, 0xA5, 0x10, 0xAB, 0x80, 0x33,
    0x10, 0x2A, 0x1B, 0xCD, 0xA2, 0x48, 0x08, 0x9A, 0x82, 0x01, 0x23, 0x20,
    0x7F, 0xC9, 0xAB, 0x12, 0x01, 0x81, 0x08, 0x89, 0xB0, 0x11, 0x28, 0x01,
    0xBC, 0x10, 0x08, 0x19, 0x08, 0x83, 0x0A, 0x80, 0x89, 0x00, 0x10, 0x03,
    0x89, 0x89, 0x80, 0x11, 0x00, 0x8B, 0xBA, 0xA1, 0x11, 0x32, 0x98, 0x14,
    0x29, 0x28, 0xAD, 0xAB, 0xA5, 0x10, 0x11, 0x19, 0x99, 0xC8, 0x98, 0x51,
    0x20, 0x08, 0x9A, 0x9A, 0x98, 0x91, 0x10, 0x70, 0x98, 0x89, 0xB3, 0x12,
    0x10, 0x18, 0xC8, 0xA8, 0x23, 0x19, 0x31, 0xAB, 0xD9, 0x88, 0x10, 0x22,
    0x89, 0x01, 0x98, 0x10, 0x20, 0x08, 0x88, 0x19, 0xC0, 0x88, 0x12, 0x09,
    0xAB, 0x80, 0x22, 0x18, 0x09, 0xB9, 0x93, 0x20, 0x23, 0x48, 0x8C, 0x90,
    0x09, 0x98, 0x80, 0x39, 0xBC, 0x99, 0x18, 0x13, 0x02, 0x91, 0x11, 0x01,
    0xAB, 0x00, 0xBA, 0x22, 0x20, 0xBD, 0x98, 0x10, 0x30, 0x12, 0x29, 0x8C,
    0x30, 0x08, 0x80, 0x22, 0x0A, 0x19, 0x81, 0x91, 0x7F, 0x8C, 0xA0, 0x20,
    0x2A, 0x9C, 0x9C, 0x82, 0x23, 0x41, 0x99, 0x9A, 0xB8, 0x32, 0x11, 0x08,
    0x18, 0xC3, 0x09, 0x81, 0x21, 0x8A, 0xC9, 0x81, 0x30, 0x01, 0x09, 0x9B,
    0x09, 0x89, 0x24, 0x28, 0x89, 0x88, 0x89, 0x20, 0x8B, 0x99, 0x81, 0x01,
    0x01, 0xBA, 0x88, 0x13, 0x43, 0x58, 0x99, 0x8A, 0xBA, 0x81, 0x00, 0x92,
    0x00, 0x09, 0x10, 0x0B, 0xDB, 0x11, 0x01, 0x32, 0x80, 0x80, 0x8A, 0xBA,
    0x00, 0x11, 0x89, 0x88, 0x22, 0x13, 0x41, 0x88, 0xA9, 0x99, 0xB1, 0x11,
    0x00, 0x98, 0xAA, 0x99, 0x80, 0x01, 0x11, 0x31, 0x88, 0x80, 0xAA, 0x82,
    0x3B, 0x9A, 0xA8, 0x12, 0x05, 0x29, 0x99, 0x81, 0x80, 0x21, 0x98, 0x9C,
    0x99, 0x0A, 0x83, 0x12, 0x18, 0x18, 0x99, 0x01, 0x19, 0x13, 0xAB, 0x8A,
    0x00, 0x80, 0x90, 0x18, 0xA9, 0x31, 0x02, 0x82, 0x09, 0xC8, 0x80, 0x09,
    0x8A, 0x32, 0x11, 0x18, 0x7F, 0xA1, 0xAB, 0x88, 0x20, 0x28, 0x88, 0x09,
    0x88, 0x20, 0x09, 0x08, 0x08, 0x99, 0x01, 0x10, 0x19, 0x88, 0xB8, 0x19,
    0x29, 0x00, 0x08, 0x00, 0x10, 0x11, 0xA9, 0x09, 0x88, 0x92, 0x09, 0x08,
    0x92, 0x21, 0x10, 0x9A, 0x0C, 0x12, 0x28, 0x8A, 0x18, 0x98, 0xA8, 0x00,
    0x80, 0x00, 0xB1, 0x81, 0x10, 0xA0, 0x02, 0x10, 0x12, 0xA9, 0xAB, 0x02,
    0x22, 0x08, 0xAA, 0x08, 0x08, 0x01, 0x10, 0x0A, 0x98, 0x9B, 0x08, 0x01,
    0x02, 0x38, 0x80, 0x99, 0x82, 0x88, 0x82, 0x9A, 0x00, 0x88, 0x00, 0x00,
    0x88, 0x81, 0x02, 0x90, 0x09, 0x99, 0x00, 0x98, 0x12, 0x09, 0x08, 0xAA,
    0x82, 0x12, 0x00, 0x12, 0x01, 0xB9, 0xBB, 0xA9, 0x01, 0x42, 0x10, 0x9C,
    0x80, 0x09, 0x01, 0x1A, 0xB4, 0x48, 0x08, 0x89, 0x89, 0x09, 0x81, 0x22,
    0xAB, 0x18, 0x98, 0x80, 0x18, 0x88, 0x12, 0x0A, 0x03, 0xA1, 0x19, 0x19,
    0x7F, 0xB8, 0x00, 0x99, 0x01, 0x18, 0x20, 0x00, 0x08, 0x18, 0x08, 0x8B,
    0xB9, 0xA0, 0x18, 0x24, 0x98, 0x18, 0x90, 0xA0, 0x81, 0x91, 0x20, 0x12,
    0xA9, 0x90, 0x80, 0x10, 0xA8, 0x98, 0x12, 0x01, 0x19, 0x90, 0x2C, 0x92,
    0x8A, 0xC9, 0x94, 0x31, 0x21, 0x8B, 0x0A, 0x99, 0x80, 0x89, 0x05, 0x41,
    0x99, 0x09, 0x08, 0x80, 0x1A, 0xDB, 0x80, 0x08, 0x04, 0x21, 0x21, 0x08,
    0x0A, 0xAA, 0x19, 0x02, 0x28, 0x9A, 0xB8, 0x18, 0x12, 0x0A, 0x00, 0x90,
    0x19, 0x80, 0x8A, 0x10, 0x02, 0x13, 0xA8, 0x89, 0xA0, 0x19, 0x80, 0x20,
    0x89, 0x01, 0x29, 0x18, 0x88, 0xBA, 0x90, 0x42, 0x01, 0x8A, 0xAA, 0xCB,
    0x11, 0x54, 0x28, 0xA9, 0xAA, 0x00, 0x01, 0x11, 0x80, 0x08, 0x9B, 0x9A,
    0x02, 0x31, 0x28, 0x01, 0x8B, 0xAB, 0x98, 0x01, 0x35, 0x00, 0x89, 0x98,
    0x81, 0xA9, 0x80, 0x89, 0x92, 0x11, 0x1A, 0x82, 0x7F, 0x10, 0xCA, 0x21,
    0xA0, 0x11, 0x98, 0xA2, 0x08, 0x88, 0x01, 0x00, 0x19, 0x80, 0x08, 0x99,
    0x00, 0x09, 0x00, 0x21, 0xB9, 0x01, 0xA0, 0x08, 0x88, 0x11, 0x12, 0x00,
    0xA8, 0x98, 0xC9, 0x00, 0x11, 0x01, 0x11, 0x89, 0xA8, 0x00, 0x81, 0x08,
    0x10, 0x80, 0x18, 0x8A, 0x80, 0x9A, 0x00, 0x10, 0x09, 0x99, 0x12, 0x02,
    0x28, 0x99, 0xA8, 0x80, 0x09, 0x92, 0x21, 0x80, 0x00, 0x89, 0x98, 0x80,
    0x98, 0x01, 0x09, 0x18, 0x80, 0x00, 0x81, 0x00, 0x89, 0x80, 0x08, 0x00,
    0x89, 0x08, 0x01, 0x0A, 0xA8, 0x81, 0x10, 0x10, 0x88, 0x0A, 0x88, 0x20,
    0x89, 0x08, 0x01, 0x11, 0x09, 0x8A, 0x0A, 0x11, 0x80, 0x09, 0x01, 0x00,
    0x80, 0x89, 0x90, 0x88, 0x00, 0x00, 0x08, 0x80, 0x8A, 0x91, 0x00, 0x08,
    0x08, 0x08, 0x08, 0x21, 0x89, 0x80, 0x02, 0x08, 0x89, 0x89, 0x00, 0x80,
    0x98, 0x89, 0x00, 0x22, 0x7F, 0x80, 0x00, 0x98, 0x08, 0x90, 0x80, 0x09,
    0xA0, 0x18, 0x90, 0x11, 0x18, 0x80, 0x89, 0x88, 0x80, 0x80, 0x10, 0x10,
    0x00, 0x90, 0x09, 0x99, 0x89, 0x91, 0x01, 0x00, 0x10, 0x00, 0x09, 0x98,
    0x10, 0x88, 0x80, 0x98, 0x90, 0x88, 0x00, 0x11, 0x11, 0x19, 0x9A, 0x00,
    0x01, 0x80, 0x81, 0x8A, 0x80, 0x90, 0x88, 0x19, 0x90, 0x88, 0x11, 0x02,
    0x89, 0x99, 0x89, 0x82, 0x10, 0x21, 0x08, 0x89, 0x89, 0x00, 0x01, 0x00,
    0x89, 0xAA, 0x89, 0x12, 0x11, 0x08, 0x08, 0x08, 0x10, 0x0B, 0x88, 0x9A,
    0x00, 0x08, 0x20, 0x00, 0x00, 0x8A, 0x88, 0x99, 0x02, 0x31, 0x08, 0x10,
    0x99, 0x80, 0x08, 0x98, 0x00, 0x09, 0x81, 0x00, 0x89, 0x88, 0x00, 0x18,
    0x80, 0x08, 0x90, 0x10, 0x08, 0x98, 0x98, 0x00, 0x01, 0x80, 0x88, 0x80,
    0x00, 0x00, 0x88, 0x80, 0x88, 0x00, 0x88, 0x88, 0x00, 0x00, 0x08, 0x08,
    0x0A, 0x80, 0x88, 0x08, 0x00, 0x88, 0x08, 0x08, 0x00, 0x80, 0x80, 0x00,
    0x00, 0x00, 0x00, 0x00, 0x7F, 0x00, 0x80, 0x80, 0x80, 0x80, 0x80, 0x88,
    0x08, 0x08, 0x08, 0x00, 0x80, 0x80, 0x08, 0x00, 0x80, 0x08, 0x08, 0x08,
    0x80, 0x80, 0x80, 0x80, 0x88, 0x88, 0x98, 0x80, 0x00, 0x88, 0x88, 0x98,
    0x80, 0x01, 0x12, 0x22, 0x00, 0x00, 0x09, 0x81, 0x00, 0x90, 0x08, 0xAB,
    0x8A, 0xBB, 0x88, 0x0A, 0x13, 0x01, 0x03, 0x29, 0x88, 0x9C, 0xB8, 0x98,
    0x12, 0x73, 0x42, 0x22, 0x9A, 0xCB, 0x9C, 0xA0, 0xAB, 0xE9, 0xBB, 0xA0,
    0x34, 0x74, 0x42, 0x20, 0x9B, 0xCB, 0xAC, 0x80, 0x12, 0x26, 0x10, 0x08,
    0x8A, 0xAB, 0xE8, 0xB0, 0x09, 0x43, 0x44, 0x33, 0x0A, 0x9F, 0xAA, 0x90,
    0x88, 0x28, 0x88, 0x09, 0x06, 0x18, 0x35, 0x35, 0x11, 0xBE, 0xDC, 0xB9,
    0x91, 0x35, 0x43, 0x31, 0x10, 0x89, 0xDB, 0xEA, 0xA9, 0x80, 0x13, 0x22,
    0x82, 0x08, 0x30, 0x51, 0x02, 0x90, 0x18, 0xF9, 0x8C, 0xE8, 0x80, 0x88,
    0x7F, 0x73, 0x08, 0x34, 0x1A, 0xA8, 0x9F, 0xD9, 0x89, 0x98, 0x22, 0x32,
    0x54, 0x41, 0x20, 0xAB, 0xF9, 0xBA, 0x90, 0x20, 0x10, 0x32, 0x35, 0x10,
    0x0A, 0xCB, 0xC8, 0x92, 0x13, 0x41, 0x42, 0xB9, 0x9C, 0xFC, 0xA8, 0x11,
    0x36, 0x32, 0x20, 0xAA, 0xEA, 0xD9, 0x29, 0x00, 0x45, 0x00, 0x82, 0x8D,
    0xA9, 0x88, 0xB3, 0x25, 0x18, 0x24, 0x0B, 0x98, 0xFB, 0xA0, 0x00, 0x33,
    0x61, 0x81, 0x0A, 0x9A, 0x19, 0xC8, 0xA3, 0x16, 0x01, 0x00, 0xEB, 0xCA,
    0x10, 0x46, 0x81, 0x38, 0x0A, 0xAB, 0xAD, 0xC8, 0x01, 0x33, 0x70, 0x01,
    0xB0, 0x9A, 0x09, 0x8A, 0x22, 0x03, 0x22, 0xFC, 0x9A, 0xB9, 0x87, 0x31,
    0x43, 0x30, 0xAB, 0xFB, 0xC9, 0x80, 0x02, 0x46, 0x20, 0x89, 0x8C, 0xCA,
    0x82, 0x14, 0x50, 0x18, 0x9A, 0xDA, 0xB8, 0x93, 0x52, 0x23, 0x18, 0xAA,
    0x9D, 0x89, 0x28, 0x03, 0xC1, 0xA9, 0xAA, 0x07, 0x7F, 0x30, 0xB4, 0x40,
    0xAB, 0x00, 0xB2, 0x1A, 0xCC, 0x89, 0x0D, 0xB5, 0x37, 0x28, 0x28, 0xAC,
    0xCA, 0xA0, 0x24, 0x51, 0x01, 0x09, 0xDA, 0xCA, 0x91, 0x22, 0x35, 0x33,
    0x18, 0xAA, 0xCB, 0xEB, 0xA9, 0x13, 0x26, 0x23, 0x28, 0x0B, 0xCB, 0xC8,
    0xA8, 0x23, 0x64, 0x10, 0xBB, 0xDA, 0x89, 0x12, 0x37, 0x21, 0x80, 0xAA,
    0xCC, 0x98, 0x01, 0x14, 0x20, 0x20, 0x0B, 0xCA, 0x90, 0xA1, 0x52, 0xA1,
    0x82, 0xDB, 0x02, 0x88, 0xD9, 0x43, 0x34, 0x48, 0x98, 0xCD, 0x9B, 0xA8,
    0x05, 0x14, 0x30, 0x80, 0xAA, 0xEA, 0x82, 0x33, 0x43, 0x0B, 0xCB, 0x8F,
    0xA8, 0x81, 0x05, 0x20, 0x01, 0x13, 0x09, 0xB1, 0x9C, 0xCD, 0xC9, 0x82,
    0x25, 0x22, 0x0A, 0x0B, 0xCA, 0x88, 0x37, 0x53, 0x08, 0xCC, 0xAC, 0x90,
    0x89, 0x26, 0x33, 0x20, 0x9A, 0xBA, 0xBC, 0x90, 0x32, 0x80, 0x18, 0xA2,
    0x11, 0xB9, 0x2E, 0x92, 0x7F, 0x85, 0x19, 0x46, 0x14, 0x9C, 0xCB, 0xB8,
    0x01, 0x36, 0x12, 0x08, 0x0A, 0xBA, 0xE1, 0x30, 0x28, 0x89, 0xB8, 0xC8,
    0x98, 0x22, 0x40, 0x41, 0x43, 0xB9, 0x39, 0x0E, 0xC8, 0xBC, 0xB0, 0x90,
    0x64, 0x28, 0x92, 0x18, 0x80, 0x17, 0x20, 0x8B, 0xEA, 0xDB, 0xB9, 0x15,
    0x34, 0x41, 0x18, 0xBA, 0xA9, 0xAC, 0x83, 0x33, 0x21, 0xBD, 0x8A, 0x11,
    0x09, 0xE9, 0xA0, 0x62, 0x08, 0x92, 0x75, 0x10, 0xBD, 0xBA, 0x80, 0x88,
    0x33, 0x72, 0x08, 0xBB, 0xB9, 0x21, 0x13, 0x45, 0x28, 0xBF, 0xBA, 0x90,
    0x14, 0x03, 0x32, 0x40, 0xAC, 0xCB, 0xA0, 0x12, 0x10, 0x03, 0x43, 0x19,
    0xBF, 0xB8, 0x12, 0x9A, 0x88, 0x52, 0x11, 0x92, 0x08, 0x1C, 0xAC, 0x0B,
    0xB4, 0x99, 0xB0, 0x54, 0x41, 0x88, 0x89, 0x0B, 0xA9, 0x92, 0x71, 0xC9,
    0x98, 0x2E, 0x81, 0x33, 0x42, 0x12, 0xB9, 0xFD, 0xA9, 0x21, 0x01, 0x05,
    0x7F, 0x09, 0x89, 0x08, 0x9A, 0x27, 0x44, 0x89, 0xBC, 0x9A, 0x9B, 0x81,
    0x15, 0x33, 0x41, 0x98, 0xB9, 0xA1, 0x0B, 0x19, 0x13, 0xBF, 0xA8, 0x03,
    0x9A, 0x14, 0x72, 0x8A, 0x9B, 0xB1, 0x87, 0x29, 0x11, 0x81, 0x0A, 0xEC,
    0xD8, 0x10, 0x42, 0x21, 0x91, 0x8A, 0xCE, 0x88, 0x01, 0x42, 0x21, 0x00,
    0xAF, 0xAC, 0x90, 0x11, 0x23, 0x31, 0x20, 0x8A, 0xFC, 0xA0, 0x08, 0x33,
    0x35, 0x22, 0x8D, 0xCB, 0xB9, 0xA2, 0x33, 0x25, 0x28, 0x20, 0xCB, 0x9C,
    0x11, 0x85, 0x24, 0x08, 0x8C, 0xBB, 0x9C, 0xA8, 0x95, 0x32, 0x33, 0x32,
    0x00, 0x99, 0xEA, 0xAD, 0xAC, 0x98, 0x13, 0x37, 0x21, 0x10, 0x89, 0xAC,
    0xB9, 0xB8, 0x22, 0x12, 0xA0, 0x19, 0x11, 0x17, 0x33, 0x60, 0x99, 0xD9,
    0xBB, 0xAA, 0x9B, 0x37, 0x23, 0x40, 0x02, 0x23, 0x1F, 0xDA, 0xA8, 0x01,
    0x00, 0x11, 0x21, 0x01, 0x11, 0x09, 0x98, 0x1D, 0x5A, 0x13, 0xB0, 0xFC,
    0xB8, 0x11, 0x18, 0x00, 0x75, 0x11, 0x08, 0xAC, 0xCC, 0x08, 0x12, 0x12,
    0x41, 0x29, 0xBD, 0xC9, 0x01, 0x22, 0x10, 0x89, 0x18, 0x9A, 0xDB, 0x85,
    0x31, 0x30, 0x8D, 0xAA, 0x2A, 0xA0, 0x06, 0x22, 0x81, 0x9F, 0x90, 0xA0,
    0x28, 0x33, 0x09, 0xCA, 0xAB, 0x43, 0x36, 0x00, 0x90, 0xC9, 0xBE, 0x0B,
    0x84, 0x21, 0x13, 0x30, 0x80, 0xD8, 0x8B, 0xAA, 0xA9, 0x31, 0x83, 0xA0,
    0x40, 0x33, 0x9B, 0x28, 0x98, 0x99, 0x0A, 0x91, 0x90, 0x80, 0x10, 0x02,
    0x10, 0x81, 0x00, 0x99, 0x9B, 0x98, 0x08, 0x81, 0x11, 0x00, 0x08, 0x88,
    0x08, 0x80, 0x80, 0x00, 0x00, 0x00, 0x00, 0x00, 0x7F, 0x00, 0x80, 0x80,
    0x80, 0x80, 0x80, 0x80, 0x80, 0x80, 0x80, 0x80, 0x80, 0x80, 0x88, 0x08,
    0x08, 0x08, 0x08, 0x08, 0x00, 0x80, 0x08, 0x08, 0x08, 0x08, 0x88, 0x80,
    0x80, 0x00, 0x80, 0x08, 0x08, 0x08, 0x80, 0x88, 0x08, 0x80, 0x00, 0x00,
    0x00, 0x88, 0x89, 0x99, 0x89, 0x98, 0x80, 0x01, 0x23, 0x42, 0x22, 0x09,
    0x9A, 0xAB, 0x9A, 0x99, 0x08, 0x81, 0x01, 0x21, 0x00, 0x89, 0x99, 0x99,
    0x90, 0x01, 0x33, 0x34, 0x21, 0x08, 0xBC, 0xDB, 0xCB, 0xA9, 0x80, 0x24,
    0x35, 0x34, 0x42, 0x21, 0x8A, 0xBD, 0xBA, 0xAA, 0x88, 0x80, 0x13, 0x33,
    0x20, 0xAC, 0xCC, 0xCB, 0x98, 0x24, 0x64, 0x33, 0x21, 0x8A, 0xBD, 0xBA,
    0xBA, 0xCA, 0xBB, 0xCA, 0x81, 0x56, 0x44, 0x33, 0x31, 0x0B, 0xCC, 0xCB,
    0xBB, 0x9A, 0x80, 0x12, 0x45, 0x43, 0x42, 0x21, 0x8A, 0xBE, 0xBA, 0xBB,
    0xA9, 0x80, 0x00, 0x34, 0x7F, 0x44, 0x43, 0x52, 0x11, 0x09, 0xCB, 0xCC,
    0xAB, 0xA9, 0x88, 0x80, 0x14, 0x35, 0x43, 0x43, 0x12, 0x09, 0xCC, 0xBD,
    0xBB, 0xAA, 0x98, 0x14, 0x54, 0x33, 0x32, 0x08, 0xAC, 0xBD, 0xAA, 0x99,
    0x88, 0x08, 0x00, 0x34, 0x63, 0x42, 0x22, 0x8A, 0xCC, 0xDB, 0xBB, 0x88,
    0x13, 0x35, 0x34, 0x43, 0x21, 0x0A, 0xCD, 0xDA, 0xAA, 0x80, 0x02, 0x34,
    0x43, 0x32, 0x20, 0x08, 0xBE, 0xBD, 0xBC, 0xAA, 0x88, 0x13, 0x44, 0x43,
    0x33, 0x21, 0x19, 0xAC, 0xBE, 0xBD, 0xAB, 0xA9, 0x01, 0x35, 0x34, 0x23,
    0x33, 0x10, 0x0A, 0xCC, 0xDB, 0xBC, 0xA9, 0x81, 0x25, 0x33, 0x33, 0x18,
    0x8A, 0x89, 0x01, 0x9B, 0xED, 0xBC, 0x98, 0x11, 0x12, 0x02, 0x00, 0x64,
    0x22, 0x13, 0x21, 0x19, 0xCE, 0xDD, 0xA9, 0x90, 0x11, 0x21, 0x08, 0x80,
    0x24, 0x54, 0x33, 0x20, 0x9C, 0xCA, 0xBB, 0xBB, 0xDB, 0xBA, 0x90, 0x46,
    0x7F, 0x54, 0x31, 0x19, 0x99, 0x99, 0x89, 0xAB, 0xCA, 0x90, 0x9A, 0xEB,
    0xC8, 0x46, 0x43, 0x21, 0x8C, 0xBA, 0x90, 0x12, 0x11, 0x08, 0x98, 0xBD,
    0xEC, 0xA9, 0x85, 0x44, 0x10, 0x99, 0xAB, 0x02, 0x53, 0x20, 0x9B, 0xAA,
    0xBF, 0xBB, 0x9B, 0x93, 0x74, 0x22, 0x01, 0x89, 0x88, 0x33, 0x09, 0xBE,
    0xBB, 0x9E, 0xBC, 0x99, 0x82, 0x75, 0x22, 0x10, 0x99, 0xC9, 0x81, 0x08,
    0x89, 0xAA, 0x9B, 0xEC, 0x88, 0x02, 0x74, 0x33, 0x08, 0xAA, 0xDA, 0x80,
    0x20, 0x88, 0x9A, 0x9A, 0xCD, 0x90, 0x03, 0x74, 0x32, 0x08, 0x9B, 0xDA,
    0x91, 0x11, 0x08, 0xAA, 0x9A, 0xDB, 0xA8, 0x14, 0x65, 0x42, 0x18, 0x9B,
    0xBD, 0x80, 0x11, 0x08, 0x9A, 0xBB, 0xCC, 0xA1, 0x14, 0x64, 0x42, 0x18,
    0xAB, 0xDA, 0x90, 0x13, 0x11, 0x9A, 0xBC, 0xDC, 0x88, 0x12, 0x64, 0x33,
    0x08, 0xAC, 0xC9, 0x98, 0x32, 0x10, 0x9B, 0xCB, 0x7F, 0xD9, 0x90, 0x15,
    0x43, 0x43, 0x19, 0xAC, 0xBA, 0x92, 0x32, 0x08, 0xEC, 0xBB, 0xB9, 0x11,
    0x73, 0x34, 0x33, 0x19, 0xCB, 0xCA, 0x90, 0x21, 0x09, 0xCC, 0xCB, 0x90,
    0x05, 0x43, 0x43, 0x31, 0x0B, 0xCC, 0xAB, 0x98, 0x11, 0x0A, 0xBC, 0xBA,
    0x81, 0x55, 0x52, 0x33, 0x31, 0xAC, 0xDB, 0xBA, 0x90, 0x12, 0x18, 0xAB,
    0xCA, 0x82, 0x64, 0x52, 0x33, 0x10, 0xBE, 0xBC, 0xA9, 0x80, 0x12, 0x18,
    0x9A, 0xA9, 0x14, 0x55, 0x33, 0x22, 0x0A, 0xCE, 0xBA, 0xAA, 0x00, 0x12,
    0x20, 0x9A, 0xA1, 0x25, 0x64, 0x33, 0x30, 0x9B, 0xEC, 0xBB, 0xB9, 0x81,
    0x33, 0x21, 0x00, 0x01, 0x35, 0x44, 0x43, 0x18, 0x9C, 0xDC, 0xBB, 0xA9,
    0x02, 0x13, 0x22, 0x10, 0x24, 0x43, 0x53, 0x31, 0x89, 0xCD, 0xDB, 0xCB,
    0x98, 0x02, 0x33, 0x32, 0x22, 0x23, 0x24, 0x43, 0x21, 0x9B, 0xFD, 0xCB,
    0xC9, 0x98, 0x22, 0x42, 0x7F, 0x22, 0x21, 0x00, 0x23, 0x23, 0x20, 0xAF,
    0xDC, 0xDB, 0xA9, 0x81, 0x23, 0x43, 0x42, 0x10, 0x01, 0x10, 0x00, 0x09,
    0xCD, 0xEB, 0xCB, 0xA9, 0x03, 0x44, 0x42, 0x21, 0x08, 0x88, 0x90, 0x08,
    0x18, 0xCD, 0xDC, 0xAB, 0xA8, 0x23, 0x54, 0x33, 0x21, 0x08, 0x99, 0x89,
    0x98, 0x9B, 0xEC, 0xCC, 0xBB, 0x80, 0x35, 0x53, 0x32, 0x10, 0x99, 0xA9,
    0x88, 0x00, 0x9B, 0xEC, 0xDB, 0xBA, 0x81, 0x45, 0x43, 0x32, 0x18, 0x9A,
    0xAB, 0xA9, 0x98, 0x9A, 0xBF, 0xCB, 0xB9, 0x03, 0x65, 0x33, 0x31, 0x08,
    0xAB, 0xBB, 0xC8, 0x98, 0x8A, 0xBD, 0xDB, 0xA8, 0x25, 0x63, 0x42, 0x10,
    0x8A, 0xAC, 0xBA, 0x98, 0x82, 0x10, 0x8B, 0xCD, 0xAA, 0x24, 0x63, 0x43,
    0x10, 0x9A, 0xCB, 0xBA, 0x98, 0x12, 0x21, 0x0C, 0xCC, 0xB9, 0x15, 0x54,
    0x33, 0x08, 0xAC, 0xCB, 0xA9, 0x02, 0x24, 0x20, 0x8B, 0xDB, 0xB9, 0x04,
    0x7F, 0x64, 0x23, 0x19, 0xAC, 0xCA, 0xA8, 0x02, 0x23, 0x10, 0x9B, 0xDB,
    0xA8, 0x13, 0x64, 0x33, 0x18, 0x9B, 0xDB, 0xA9, 0x02, 0x22, 0x1A, 0xDC,
    0xDA, 0x90, 0x24, 0x44, 0x23, 0x18, 0x9A, 0xBB, 0xB9, 0x01, 0x20, 0xCD,
    0xDC, 0xAA, 0x82, 0x45, 0x34, 0x22, 0x18, 0x9A, 0xCB, 0xBB, 0xB9, 0x00,
    0x10, 0x98, 0x80, 0x25, 0x54, 0x33, 0x32, 0x18, 0x9B, 0xEC, 0xCB, 0xBB,
    0xA8, 0x03, 0x43, 0x43, 0x34, 0x33, 0x21, 0x09, 0xFB, 0xDB, 0xAB, 0x98,
    0x13, 0x43, 0x32, 0x28, 0x99, 0x90, 0x33, 0x53, 0x0B, 0xEC, 0xCB, 0xA9,
    0x81, 0x35, 0x42, 0x31, 0x10, 0x9A, 0xDA, 0xBA, 0x98, 0x01, 0x21, 0x89,
    0xAA, 0xA3, 0x55, 0x43, 0x28, 0x9B, 0xCB, 0xA0, 0x24, 0x33, 0x29, 0xCC,
    0xCC, 0xA8, 0x13, 0x35, 0x31, 0x9E, 0xBC, 0xB9, 0x04, 0x36, 0x22, 0x21,
    0x8A, 0xAC, 0xBB, 0xA9, 0x88, 0x01, 0x99, 0x80, 0x7F, 0x23, 0x44, 0x34,
    0x22, 0x10, 0x8A, 0xBC, 0xCB, 0xCB, 0xA9, 0x91, 0x12, 0x11, 0x34, 0x43,
    0x44, 0x31, 0x8B, 0xDC, 0xCB, 0xB9, 0x81, 0x22, 0x33, 0x22, 0x09, 0x01,
    0x12, 0x33, 0x41, 0x8B, 0xDD, 0xBB, 0xB8, 0x13, 0x45, 0x23, 0x10, 0xAC,
    0xCB, 0x90, 0x13, 0x62, 0x10, 0xBD, 0xBB, 0xB9, 0x13, 0x74, 0x21, 0x18,
    0x9B, 0xCA, 0x80, 0x02, 0x22, 0x18, 0xBD, 0xCB, 0xA8, 0x04, 0x54, 0x21,
    0x09, 0x9A, 0xAA, 0x81, 0x01, 0x18, 0x9A, 0xBD, 0xBA, 0x81, 0x36, 0x53,
    0x31, 0x99, 0xBD, 0xCA, 0x98, 0x11, 0x33, 0x32, 0x0A, 0xBB, 0xA9, 0x01,
    0x35, 0x31, 0xAB, 0xCC, 0xBB, 0xA1, 0x45, 0x33, 0x31, 0x8B, 0xCC, 0xB9,
    0x98, 0x24, 0x42, 0x89, 0x99, 0xAC, 0xA8, 0x23, 0x32, 0x10, 0x9A, 0xBC,
    0xA0, 0x01, 0x34, 0x51, 0x89, 0xAA, 0xBB, 0xA8, 0x23, 0x32, 0x11, 0x8A,
    0xBC, 0xA9, 0x00, 0x23, 0x7F, 0x32, 0x08, 0x99, 0x98, 0x90, 0x01, 0x10,
    0x89, 0x99, 0xA9, 0x81, 0x11, 0x01, 0x21, 0x09, 0x08, 0x09, 0x98, 0x81,
    0x18, 0x8A, 0x99, 0x89, 0x01, 0x12, 0x01, 0x11, 0x09, 0x89, 0x89, 0xA8,
    0x81, 0x21, 0x19, 0x89, 0x8A, 0x99, 0x00, 0x11, 0x32, 0x22, 0x08, 0xAB,
    0xBC, 0xA0, 0x02, 0x10, 0x10, 0x08, 0x98, 0x00, 0x01, 0x12, 0x22, 0x09,
    0xAB, 0xCB, 0xA8, 0x01, 0x12, 0x01, 0x00, 0x80, 0x80, 0x10, 0x00, 0x10,
    0x89, 0x99, 0xA9, 0x90, 0x11, 0x00, 0x08, 0x00, 0x88, 0x80, 0x00, 0x01,
    0x00, 0x88, 0x89, 0x99, 0x08, 0x01, 0x00, 0x88, 0x88, 0x88, 0x00, 0x11,
    0x10, 0x80, 0x89, 0x89, 0x88, 0x00, 0x00, 0x08, 0x88, 0x98, 0x88, 0x00,
    0x11, 0x10, 0x10, 0x88, 0x99, 0x90, 0x88, 0x00, 0x08, 0x88, 0x88, 0x80,
    0x00, 0x10, 0x10, 0x18, 0x88, 0x89, 0x88, 0x88, 0x08, 0x00, 0x08, 0x08,
    0x08, 0x08, 0x00, 0x80, 0x08, 0x08, 0x80, 0x80, 0x80, 0x00, 0x00, 0x00,
    0x00, 0x00, 0x00, 0x00, 0x7F, 0x00, 0x80, 0x80, 0x80, 0x80, 0x80, 0x80,
    0x80, 0x80, 0x80, 0x80, 0x80, 0x80, 0x80, 0x80, 0x80, 0x08, 0x08, 0x00,
    0x80, 0x88, 0x88, 0x98, 0x88, 0x00, 0x00, 0x80, 0x00, 0x10, 0x00, 0x80,
    0x89, 0x08, 0x00, 0x02, 0x88, 0x18, 0x80, 0xA8, 0xAB, 0xBC, 0x98, 0x02,
    0x32, 0x44, 0x11, 0x88, 0x0C, 0x9A, 0xB1, 0x32, 0x51, 0xA9, 0xFA, 0x80,
    0x54, 0x10, 0xCB, 0xCB, 0x10, 0x42, 0x20, 0x99, 0x82, 0x73, 0x19, 0xBF,
    0xAA, 0x82, 0x43, 0x39, 0xCE, 0xAA, 0x13, 0x35, 0x11, 0x9B, 0xAA, 0x22,
    0x09, 0xB8, 0x31, 0x1C, 0xD9, 0x90, 0x34, 0x73, 0x1A, 0xDC, 0x88, 0x01,
    0x01, 0x91, 0x92, 0x72, 0x10, 0xBF, 0xAA, 0x80, 0x24, 0x61, 0x0A, 0xFA,
    0x90, 0x33, 0x43, 0x89, 0xCB, 0x98, 0x01, 0x89, 0x81, 0x32, 0x40, 0x1A,
    0xBD, 0xA8, 0x20, 0x28, 0x77, 0x11, 0xBE, 0xAB, 0x91, 0x25, 0x51, 0x08,
    0x7F, 0xBB, 0xBA, 0x02, 0x37, 0x08, 0xAB, 0x81, 0x24, 0x00, 0x09, 0xBA,
    0xC0, 0x11, 0x4B, 0x01, 0xA4, 0x0E, 0x81, 0x43, 0x09, 0xAE, 0x9A, 0x91,
    0x46, 0x28, 0x8B, 0xCA, 0xB0, 0x27, 0x42, 0x89, 0xBD, 0xA8, 0x03, 0x23,
    0x2A, 0xBA, 0x94, 0x43, 0xBF, 0x9A, 0x91, 0x33, 0x71, 0x0B, 0xC9, 0x09,
    0x38, 0x02, 0x09, 0x29, 0x24, 0xB0, 0xEC, 0x0B, 0x04, 0x24, 0x32, 0x9E,
    0xAA, 0xA1, 0x23, 0x33, 0xC9, 0xF8, 0x83, 0x42, 0x98, 0xDA, 0x98, 0x15,
    0x33, 0x8C, 0xDB, 0x01, 0x25, 0x10, 0x8D, 0xB8, 0x03, 0x50, 0x09, 0xCA,
    0x89, 0x42, 0x30, 0xAA, 0xA0, 0x34, 0x0B, 0xCC, 0xA0, 0x36, 0x21, 0x8B,
    0xC9, 0x02, 0x81, 0x08, 0x13, 0x89, 0xF8, 0xA2, 0x33, 0x9E, 0x89, 0x94,
    0x71, 0x8A, 0xDA, 0x93, 0x61, 0x29, 0xCB, 0xA0, 0x43, 0x28, 0xAC, 0x88,
    0x02, 0x28, 0x0A, 0x8B, 0x30, 0x85, 0x04, 0xCC, 0x7F, 0xC8, 0x01, 0x52,
    0x10, 0xCA, 0xA1, 0x43, 0x09, 0xEC, 0x92, 0x14, 0x20, 0x8B, 0x90, 0x99,
    0x28, 0x21, 0xB1, 0xFB, 0x24, 0x85, 0x1A, 0x9C, 0xA8, 0x86, 0x28, 0x80,
    0x10, 0xAA, 0xAC, 0x82, 0x28, 0x61, 0x18, 0x88, 0xFB, 0x9A, 0x54, 0x33,
    0x8E, 0xBB, 0x82, 0x53, 0x09, 0xCC, 0x91, 0x43, 0x20, 0xBD, 0xAA, 0x13,
    0x14, 0x18, 0xAA, 0xC9, 0x24, 0x30, 0x9C, 0xCB, 0x82, 0x74, 0x18, 0xBD,
    0x99, 0x12, 0x41, 0x89, 0x0A, 0x89, 0x91, 0x20, 0x09, 0xA0, 0x82, 0x44,
    0x30, 0xFC, 0xA8, 0x31, 0x22, 0x1A, 0xDA, 0x24, 0x10, 0xAA, 0xE9, 0x01,
    0x25, 0x28, 0xB8, 0xA8, 0x09, 0x01, 0x00, 0xE3, 0x08, 0x03, 0x70, 0xCB,
    0xC8, 0x12, 0x72, 0x9A, 0xA8, 0x91, 0x32, 0x8A, 0xE1, 0x10, 0x01, 0x0B,
    0xA2, 0x39, 0xFA, 0x80, 0x73, 0x20, 0xEB, 0xA8, 0x33, 0x23, 0x9F, 0xA0,
    0x22, 0x00, 0x8B, 0xAA, 0x7F, 0x10, 0x83, 0x22, 0x72, 0xAB, 0xCC, 0x93,
    0x41, 0x8B, 0xC8, 0x54, 0x28, 0xAE, 0xA8, 0x23, 0x21, 0xCC, 0x81, 0x34,
    0x09, 0xC9, 0xB8, 0x32, 0x10, 0x92, 0x35, 0x9D, 0xA8, 0xB8, 0x61, 0x08,
    0xC9, 0x05, 0x30, 0x0B, 0xCC, 0x91, 0x43, 0x89, 0x98, 0x08, 0x23, 0x8A,
    0x9E, 0xC8, 0x00, 0x44, 0x24, 0x1B, 0xEA, 0xA9, 0x03, 0x45, 0x1B, 0x98,
    0xBB, 0x17, 0x3A, 0x98, 0x9B, 0x83, 0x51, 0x8B, 0x90, 0x02, 0x43, 0xFD,
    0x91, 0x13, 0x22, 0x0C, 0xC8, 0x18, 0x92, 0x2A, 0xC1, 0x71, 0xAA, 0x08,
    0x08, 0x21, 0x8C, 0xC0, 0x24, 0x18, 0xAA, 0xA0, 0x15, 0x30, 0xBD, 0xBA,
    0x32, 0x53, 0x19, 0xBD, 0x91, 0x12, 0x0A, 0xBB, 0x81, 0x56, 0x20, 0xBB,
    0xC0, 0x02, 0x28, 0xBC, 0x85, 0x20, 0x38, 0xCE, 0x92, 0x21, 0x18, 0xCA,
    0x98, 0x43, 0x11, 0x8E, 0xB1, 0x39, 0xA3, 0x58, 0xB8, 0x18, 0xAD, 0x05,
    0x7F, 0x19, 0x81, 0x8C, 0x13, 0x21, 0x0A, 0xFC, 0xA8, 0x36, 0x11, 0x19,
    0xEA, 0x11, 0x10, 0x10, 0xBF, 0x91, 0x32, 0x10, 0x0C, 0xC9, 0x22, 0x13,
    0x1D, 0xBB, 0x02, 0x02, 0x34, 0x0A, 0xB0, 0x1B, 0xA9, 0xA9, 0xA4, 0x79,
    0x23, 0x18, 0xBA, 0x9E, 0xB9, 0x26, 0x20, 0x12, 0x0B, 0xBA, 0xE0, 0x10,
    0x1A, 0x93, 0x47, 0x00, 0xAF, 0xB8, 0x02, 0x46, 0x18, 0x8C, 0xCA, 0x11,
    0x31, 0x28, 0x8C, 0x90, 0x13, 0x08, 0x8C, 0xB9, 0x04, 0x22, 0x8A, 0xD9,
    0x11, 0x32, 0x48, 0xFA, 0x90, 0x13, 0x14, 0x08, 0xAA, 0xAD, 0xB0, 0x32,
    0x72, 0x09, 0xB9, 0x00, 0x8C, 0x81, 0x20, 0x13, 0x12, 0xBD, 0xF9, 0x81,
    0x82, 0x27, 0x10, 0x9B, 0xAC, 0x80, 0x12, 0x40, 0x0A, 0x82, 0xAA, 0x03,
    0x8F, 0xA1, 0x22, 0x24, 0x0A, 0xDD, 0x92, 0x22, 0x28, 0xC9, 0xA9, 0x05,
    0x51, 0x9B, 0xA8, 0x02, 0x08, 0x9A, 0x92, 0x63, 0x7F, 0x0A, 0xCA, 0x80,
    0x82, 0x28, 0xA9, 0x73, 0x1D, 0xAA, 0x89, 0x15, 0x30, 0x11, 0x9E, 0xBA,
    0x14, 0x08, 0x01, 0x11, 0x13, 0xAD, 0xCB, 0x82, 0x83, 0x18, 0x25, 0x49,
    0xCB, 0x9B, 0x92, 0x72, 0x20, 0xBB, 0x88, 0x12, 0x98, 0xDC, 0x12, 0x37,
    0x19, 0xAB, 0x9A, 0x04, 0x22, 0x1A, 0x1A, 0x9E, 0x8C, 0x18, 0x43, 0x39,
    0x08, 0xCA, 0x90, 0x10, 0x83, 0x24, 0x00, 0x3F, 0xBC, 0x89, 0x87, 0x20,
    0x1A, 0x8B, 0xA1, 0xA0, 0x38, 0x31, 0x01, 0xA0, 0xB8, 0x10, 0x02, 0x5C,
    0x98, 0x79, 0x88, 0x18, 0x9B, 0x91, 0x30, 0x34, 0xBA, 0xA9, 0x3B, 0x15,
    0x19, 0xBC, 0x19, 0x40, 0x00, 0xA9, 0x93, 0x89, 0x02, 0x2B, 0xB2, 0x40,
    0xDA, 0x98, 0x24, 0x22, 0xBB, 0xB1, 0x28, 0x10, 0x08, 0x22, 0x2C, 0xBA,
    0x01, 0x02, 0x1A, 0xC9, 0x34, 0x28, 0x18, 0x9D, 0xA9, 0x12, 0x24, 0x99,
    0xA0, 0x80, 0x0A, 0x18, 0x7F, 0x0A, 0x80, 0x83, 0x10, 0xA8, 0xA0, 0x91,
    0x13, 0x2A, 0xBA, 0x01, 0x13, 0x0A, 0xA0, 0x91, 0x22, 0x89, 0x8B, 0x91,
    0x10, 0x00, 0x20, 0x99, 0x8B, 0x82, 0x30, 0xA8, 0x08, 0x91, 0x00, 0x88,
    0x99, 0x80, 0x01, 0x31, 0x9B, 0xAA, 0x11, 0x02, 0x28, 0xB9, 0x19, 0x03,
    0x39, 0xBA, 0x00, 0x12, 0x20, 0xAA, 0x9A, 0x01, 0x21, 0x00, 0x8A, 0x80,
    0x88, 0x20, 0x00, 0x0A, 0xA8, 0xA0, 0x02, 0x20, 0x09, 0x90, 0x90, 0x00,
    0x8B, 0xA9, 0x83, 0x53, 0x28, 0xAD, 0xBA, 0x04, 0x32, 0x9B, 0x88, 0x02,
    0x33, 0x8C, 0xDA, 0x91, 0x44, 0x28, 0xAB, 0xC0, 0x02, 0x42, 0xBC, 0xA9,
    0x82, 0x54, 0x89, 0xAA, 0xB9, 0x05, 0x30, 0x8B, 0x9B, 0x82, 0x34, 0x09,
    0xCA, 0x80, 0x24, 0x08, 0xAA, 0x90, 0x31, 0x08, 0x80, 0xAA, 0x00, 0x81,
    0x10, 0x88, 0x88, 0x11, 0x18, 0xA9, 0xA8, 0x12, 0x20, 0x89, 0xAA, 0x81,
    0x1C, 0x13, 0x08, 0x9A, 0xA1, 0x22, 0x88, 0x98, 0x00, 0x80, 0x09, 0x80,
    0x00, 0x88, 0x08, 0x00, 0x00, 0x09, 0x88, 0x80, 0x00, 0x00, 0x88, 0x08,
    0x80, 0x08, 0x80, 0x80, 0x80, 0x00, 0x00, 0x00, 0x7F, 0x00, 0x80, 0x80,
    0x80, 0x80, 0x80, 0x80, 0x80, 0x80, 0x08, 0x80, 0x08, 0x80, 0x80, 0x80,
    0x88, 0x00, 0x88, 0x00, 0x90, 0x08, 0x00, 0x88, 0x81, 0x8A, 0x31, 0x99,
    0x18, 0x99, 0x59, 0x90, 0x29, 0xA2, 0x1A, 0x00, 0x3E, 0x29, 0x98, 0x83,
    0x1C, 0x3A, 0x2A, 0x18, 0x89, 0x30, 0x08, 0x89, 0x99, 0x38, 0xC2, 0x1A,
    0x08, 0x20, 0xB3, 0x2A, 0x28, 0xA3, 0xB1, 0x39, 0xC1, 0xA0, 0x12, 0x99,
    0xA1, 0x6C, 0x83, 0x4F, 0x10, 0x91, 0x2B, 0x0B, 0x50, 0x8A, 0x93, 0x91,
    0x0E, 0x85, 0xA9, 0x10, 0x09, 0x88, 0x09, 0x51, 0xBC, 0x42, 0xA9, 0x20,
    0x99, 0x00, 0x19, 0x30, 0xB1, 0x89, 0x4B, 0xC3, 0x19, 0x93, 0x1C, 0x92,
    0x3C, 0x84, 0xA0, 0x02, 0x0C, 0x38, 0x11, 0xB8, 0xA8, 0x18, 0x8B, 0x3A,
    0x82, 0x19, 0x89, 0x3A, 0x2A, 0x21, 0x1B, 0xA1, 0x3C, 0x38, 0xA0, 0x3B,
    0x84, 0x9A, 0x03, 0x0A, 0x7F, 0x19, 0x89, 0x09, 0x18, 0x10, 0xA0, 0x19,
    0x19, 0x02, 0x19, 0xC3, 0x89, 0x12, 0xB9, 0xA1, 0x02, 0xB0, 0x4C, 0x03,
    0x88, 0x08, 0x10, 0x98, 0x00, 0x09, 0x2B, 0x39, 0xB1, 0x3D, 0x30, 0xC1,
    0x08, 0x0A, 0x58, 0xA0, 0x1B, 0x00, 0x6A, 0x88, 0x90, 0x00, 0x29, 0x3F,
    0x1A, 0x22, 0x1E, 0x28, 0xC7, 0x98, 0x19, 0x80, 0x08, 0x19, 0x1B, 0x1C,
    0x29, 0x31, 0xF0, 0x3A, 0x6A, 0x3B, 0x90, 0x01, 0x1C, 0x03, 0xC4, 0x98,
    0x81, 0x80, 0x2A, 0x08, 0x9B, 0x78, 0xA3, 0xAA, 0x3E, 0x04, 0xD2, 0x89,
    0x2A, 0x02, 0x8A, 0x79, 0xA1, 0x08, 0x0C, 0x3B, 0x22, 0xCA, 0x2A, 0xD7,
    0x91, 0x09, 0x1C, 0x30, 0x81, 0x3C, 0x29, 0x8A, 0x3D, 0x28, 0xB4, 0x89,
    0x3D, 0x59, 0x91, 0x4B, 0x2B, 0x2F, 0x48, 0x91, 0xA1, 0x82, 0x81, 0xCA,
    0x29, 0x03, 0xAD, 0x11, 0x1C, 0x10, 0xC3, 0x39, 0xA8, 0x30, 0xAF, 0x68,
    0x7F, 0x94, 0xA0, 0xA9, 0x35, 0xB9, 0x0B, 0x2E, 0x41, 0x09, 0xA1, 0xE1,
    0x20, 0x8A, 0x6B, 0x10, 0x03, 0xF0, 0x21, 0xC9, 0x19, 0x38, 0xD5, 0xA0,
    0x29, 0x91, 0x90, 0x11, 0x9F, 0x39, 0x81, 0xB4, 0x89, 0x12, 0xD2, 0x88,
    0x84, 0xA8, 0x01, 0xC1, 0x02, 0xCA, 0x40, 0xA3, 0x8B, 0x27, 0xAA, 0x31,
    0xB8, 0x2B, 0x79, 0x02, 0xF2, 0xC1, 0x06, 0xF2, 0x80, 0xA3, 0xA3, 0xC1,
    0x3E, 0x10, 0x87, 0xC8, 0x29, 0x81, 0x0E, 0x5A, 0x81, 0x1B, 0x3A, 0x00,
    0x2B, 0x04, 0xD1, 0x88, 0x3A, 0x89, 0x29, 0x12, 0xA9, 0x1C, 0x12, 0xA1,
    0x2B, 0x21, 0x9F, 0x38, 0x08, 0x89, 0x39, 0xA0, 0x8C, 0x51, 0xB7, 0xD2,
    0x8A, 0x39, 0x01, 0xB1, 0x8B, 0x22, 0x0A, 0x23, 0xE4, 0xA0, 0x09, 0x28,
    0x82, 0x99, 0x7F, 0x59, 0xB7, 0xA0, 0x80, 0x08, 0xA0, 0x3D, 0x49, 0xB5,
    0x89, 0x00, 0x00, 0x91, 0x9A, 0x20, 0x98, 0x3C, 0x7F, 0x10, 0x08, 0xA2,
    0x8A, 0x86, 0x88, 0x02, 0x90, 0x0E, 0x11, 0x0B, 0x82, 0xF7, 0x97, 0xD9,
    0x5B, 0x18, 0x02, 0xA8, 0x02, 0x9A, 0x21, 0x0A, 0x92, 0x19, 0xA1, 0x3D,
    0xA8, 0x48, 0x90, 0x21, 0xC2, 0xA8, 0x81, 0x59, 0x92, 0x1D, 0x00, 0x3A,
    0x8C, 0x3A, 0x0A, 0x41, 0x99, 0x92, 0x30, 0x8C, 0x4C, 0x3C, 0x3B, 0x99,
    0x60, 0x09, 0xB0, 0x49, 0xF2, 0x29, 0x81, 0x0A, 0x39, 0xB1, 0x69, 0x88,
    0xA5, 0xA9, 0x02, 0x1F, 0x08, 0x01, 0x88, 0x80, 0x86, 0x9A, 0x20, 0x80,
    0xD5, 0x0F, 0x30, 0xF4, 0xA0, 0x2C, 0x3A, 0x00, 0x00, 0xA2, 0xA5, 0xA8,
    0x08, 0x85, 0xE2, 0xA1, 0x80, 0x00, 0x3D, 0x83, 0x98, 0x29, 0xA3, 0xA8,
    0xB4, 0xAA, 0x24, 0xAB, 0x50, 0x00, 0x10, 0xB3, 0xB1, 0xAF, 0x0A, 0x78,
    0x01, 0x9C, 0xF5, 0x3F, 0x03, 0xC8, 0x30, 0xA9, 0x4A, 0x02, 0xA1, 0xB2,
    0x0A, 0x18, 0x98, 0xA6, 0x7F, 0xA1, 0x80, 0x08, 0x39, 0xA1, 0x87, 0x0A,
    0x82, 0x9A, 0x03, 0xF8, 0x3D, 0x02, 0xB2, 0xC3, 0x18, 0x95, 0xB1, 0x98,
    0x3A, 0x2A, 0x02, 0x8B, 0x01, 0xF9, 0x48, 0x80, 0x28, 0x80, 0x16, 0xC3,
    0xA8, 0x00, 0xB0, 0xC0, 0x20, 0xC1, 0x2E, 0x10, 0x85, 0xB0, 0x19, 0x22,
    0x8A, 0x4A, 0x89, 0x18, 0xD2, 0x80, 0xE2, 0x0A, 0xB4, 0x29, 0x1B, 0x25,
    0x1B, 0x0A, 0x87, 0xA8, 0x3B, 0x80, 0x92, 0xF1, 0x09, 0xC1, 0x7F, 0x5A,
    0x1B, 0x6A, 0x81, 0x82, 0xA9, 0x20, 0x99, 0x4A, 0x81, 0xA1, 0x91, 0x89,
    0x2C, 0x22, 0x8A, 0x21, 0x9C, 0x6A, 0x94, 0x91, 0xB5, 0xA1, 0xB2, 0x29,
    0x98, 0x4C, 0x3C, 0x20, 0xA2, 0xC9, 0x10, 0xA2, 0x09, 0xC3, 0x29, 0x09,
    0x41, 0xA2, 0xA4, 0xA9, 0x97, 0xA3, 0x2F, 0x0A, 0x92, 0x82, 0x10, 0xD4,
    0x98, 0x2A, 0x18, 0x01, 0xB0, 0x87, 0xB3, 0x0D, 0x10, 0x85, 0xF1, 0x1A,
    0x7F, 0x92, 0xA2, 0x93, 0x1F, 0x12, 0x8A, 0x12, 0xB1, 0x2B, 0x08, 0x88,
    0x09, 0xB7, 0x8C, 0x91, 0x87, 0xA0, 0x19, 0x88, 0x09, 0x78, 0x89, 0x04,
    0xB9, 0x23, 0xF1, 0x0A, 0x10, 0x08, 0xC3, 0x8B, 0x6A, 0x94, 0x0A, 0x39,
    0x93, 0xD9, 0x11, 0x11, 0xF3, 0x89, 0x98, 0x10, 0x92, 0x9A, 0x48, 0x8C,
    0x49, 0x5B, 0x1C, 0x12, 0xC3, 0x1B, 0x02, 0x0A, 0x92, 0x5B, 0xB0, 0x11,
    0x0A, 0x87, 0x3A, 0xB0, 0x3F, 0x27, 0x99, 0x98, 0x80, 0x38, 0x9B, 0x28,
    0xD6, 0xD7, 0x8F, 0x07, 0x99, 0x09, 0x20, 0xB0, 0x7B, 0x92, 0x08, 0x2B,
    0x19, 0xA2, 0x6B, 0x01, 0xC2, 0x00, 0x88, 0x18, 0x98, 0x3E, 0x28, 0x98,
    0x31, 0x99, 0x83, 0xB0, 0x0A, 0x2E, 0x30, 0x91, 0x1C, 0x95, 0x8A, 0x95,
    0x89, 0x3A, 0xD0, 0x81, 0x20, 0xA2, 0xA0, 0x0B, 0x37, 0xB1, 0x93, 0x0C,
    0x13, 0xAC, 0x05, 0x1B, 0x99, 0x2A, 0x43, 0xE8, 0x7F, 0x21, 0xD2, 0x19,
    0xA8, 0x22, 0x90, 0x0A, 0xA4, 0xE2, 0xD4, 0x88, 0x99, 0x3A, 0x23, 0xBB,
    0x29, 0x29, 0x4C, 0x38, 0xB3, 0x7C, 0x80, 0x03, 0x99, 0xB1, 0x23, 0x0F,
    0x4A, 0x89, 0x30, 0xB3, 0xBE, 0x48, 0x08, 0x80, 0x10, 0xC1, 0xA3, 0xA1,
    0x18, 0x90, 0x2C, 0xB9, 0x87, 0x2F, 0x44, 0xD1, 0xA0, 0x0C, 0xA7, 0x9B,
    0x7A, 0x13, 0xA8, 0xE5, 0xB2, 0x91, 0x8A, 0x22, 0xC3, 0xD3, 0x81, 0xA2,
    0xB8, 0x94, 0x89, 0x04, 0xAA, 0x2A, 0x3A, 0xB7, 0x80, 0xA2, 0x80, 0x89,
    0x4D, 0x18, 0x08, 0x93, 0xB3, 0x99, 0x32, 0xBC, 0xA7, 0x94, 0xBA, 0x59,
    0x08, 0x18, 0xB2, 0x49, 0xB3, 0xE1, 0x82, 0x0B, 0x3C, 0x10, 0x20, 0xA8,
    0x18, 0x49, 0x98, 0x0F, 0x2A, 0x01, 0x8B, 0x79, 0xC5, 0x98, 0x2A, 0x20,
    0xD1, 0x2B, 0x20, 0x98, 0x80, 0x19, 0xD3, 0x01, 0x2D, 0x18, 0x18, 0xD4,
    0x1B, 0x08, 0x01, 0xB6, 0x7F, 0xC0, 0x18, 0x0B, 0x23, 0xC1, 0x98, 0x40,
    0xA4, 0xBA, 0x39, 0x29, 0xD4, 0xA8, 0x13, 0x2F, 0x92, 0x0D, 0x05, 0x98,
    0x3C, 0x93, 0xA9, 0x59, 0x82, 0x9A, 0x08, 0x20, 0x92, 0xF2, 0x08, 0x3D,
    0x20, 0xB1, 0x81, 0xC1, 0x18, 0x20, 0xC2, 0xE0, 0x49, 0x00, 0x1C, 0x23,
    0xC8, 0xA5, 0xB3, 0xB2, 0x98, 0x03, 0xCA, 0x78, 0x0A, 0x01, 0xE5, 0xA8,
    0x29, 0x01, 0x8C, 0x2A, 0x28, 0x40, 0x1C, 0x0B, 0x16, 0x9A, 0x29, 0x90,
    0x9F, 0x48, 0x80, 0x09, 0x29, 0x09, 0x7A, 0x2D, 0x6A, 0x92, 0x09, 0xA3,
    0x98, 0x02, 0x8F, 0x49, 0x0A, 0x21, 0xC1, 0x02, 0xB8, 0x83, 0xB9, 0x30,
    0x92, 0x1D, 0x94, 0x1D, 0x02, 0x0A, 0x2A, 0x02, 0xC1, 0x87, 0xC2, 0xA3,
    0x8A, 0x84, 0xC0, 0x12, 0xF2, 0x98, 0x25, 0xF3, 0xB0, 0xA4, 0x80, 0x92,
    0x0C, 0x29, 0x92, 0x83, 0x9E, 0x30, 0x98, 0x80, 0x02, 0xAA, 0x21, 0xA1,
    0x7F, 0xD1, 0x08, 0x4A, 0x1A, 0xA7, 0x90, 0x92, 0xB5, 0xD3, 0x80, 0xA3,
    0xB0, 0x2C, 0x3B, 0x00, 0x5C, 0x01, 0x93, 0x8F, 0x4A, 0x01, 0x0B, 0x21,
    0xCA, 0x32, 0xC8, 0x20, 0x8E, 0x5A, 0x10, 0x80, 0x08, 0x99, 0x29, 0x69,
    0xA0, 0xA3, 0xB4, 0xA4, 0x98, 0x01, 0x09, 0x84, 0xAA, 0x7A, 0x0A, 0x2D,
    0x22, 0xA8, 0x13, 0xF7, 0x9F, 0x3A, 0x3B, 0x3B, 0x11, 0x1F, 0x6A, 0x98,
    0x5A, 0x80, 0x02, 0xC1, 0x1B, 0x10, 0x80, 0x80, 0x1B, 0x5A, 0x00, 0x88,
    0x00, 0x80, 0x83, 0xE9, 0x21, 0xB0, 0x39, 0x20, 0x0C, 0x00, 0x80, 0x18,
    0x29, 0xD0, 0x8B, 0x2B, 0x05, 0x08, 0x6F, 0x40, 0xC0, 0x18, 0x08, 0x19,
    0x0A, 0x49, 0x93, 0xB9, 0x4B, 0x80, 0x18, 0x5F, 0x29, 0x30, 0xC1, 0xA2,
    0x4C, 0x00, 0x81, 0x92, 0x8F, 0x20, 0xA1, 0xA4, 0x09, 0x99, 0x83, 0xC3,
    0x99, 0x13, 0x1B, 0xAC, 0x45, 0xE4, 0x2C, 0x19, 0x7F, 0x93, 0x8D, 0x12,
    0xA0, 0x08, 0x00, 0x91, 0xA1, 0x87, 0xB1, 0x81, 0x0A, 0xC3, 0x1E, 0x31,
    0x9E, 0x31, 0xA1, 0x1C, 0x08, 0x49, 0x90, 0x0B, 0x99, 0x7A, 0x1B, 0x22,
    0x4B, 0x88, 0x80, 0xC3, 0x7B, 0x02, 0x90, 0x93, 0xC8, 0xA3, 0x22, 0xF1,
    0x1C, 0x28, 0x0C, 0x59, 0x83, 0xAA, 0x5B, 0x88, 0x5C, 0x01, 0x2A, 0x0A,
    0x28, 0x29, 0x79, 0x1F, 0x3B, 0xBA, 0x71, 0xA0, 0x2A, 0x02, 0xC1, 0x01,
    0xB3, 0x83, 0xC9, 0x4A, 0xA8, 0x03, 0x0A, 0xB2, 0x48, 0xE1, 0x04, 0x90,
    0xC1, 0x80, 0x1B, 0x41, 0x8A, 0x2F, 0x18, 0x29, 0x95, 0x92, 0xB9, 0x2A,
    0x3C, 0xF6, 0x0A, 0x83, 0x9B, 0x30, 0xE4, 0xC0, 0x11, 0x91, 0xA4, 0xB1,
    0x2B, 0x0F, 0x6A, 0x3B, 0x18, 0x89, 0x4A, 0x82, 0x89, 0x08, 0x1A, 0x81,
    0x4C, 0x94, 0xB3, 0xC1, 0x11, 0x99, 0x14, 0xD1, 0xA3, 0x99, 0x94, 0x90,
    0x3D, 0x00, 0x09, 0x09, 0x7F, 0x3B, 0x11, 0x81, 0x84, 0xA9, 0xB4, 0x8A,
    0x5B, 0x80, 0x94, 0xE1, 0x84, 0x1A, 0xB1, 0x5B, 0x09, 0x92, 0x13, 0xF4,
    0xA1, 0x90, 0x89, 0x31, 0xAC, 0x50, 0xB9, 0x12, 0x89, 0x19, 0x90, 0xBB,
    0x94, 0x84, 0x81, 0x7B, 0x85, 0xA8, 0x08, 0x83, 0xF3, 0x2F, 0xA3, 0x08,
    0x11, 0xBD, 0x30, 0x08, 0xB6, 0x0C, 0x11, 0x80, 0x3C, 0x88, 0x01, 0xA1,
    0x21, 0xA2, 0x27, 0xFF, 0x7B, 0x01, 0x88, 0x19, 0x10, 0xA1, 0x83, 0xF5,
    0xB3, 0xB1, 0x08, 0x88, 0x09, 0x02, 0x89, 0x85, 0x89, 0x90, 0x3D, 0x08,
    0x11, 0x90, 0x3C, 0x98, 0x82, 0xF2, 0x82, 0x89, 0x06, 0x9B, 0x10, 0xA3,
    0x92, 0x0D, 0x83, 0xA4, 0xB5, 0xD0, 0x83, 0x89, 0x3C, 0x82, 0xA3, 0xD8,
    0x58, 0xA1, 0x2A, 0x0C, 0x1B, 0x2A, 0x7A, 0x08, 0x19, 0x05, 0xC1, 0xB5,
    0x09, 0x00, 0x3F, 0x28, 0x92, 0x82, 0xAB, 0x19, 0x1C, 0x41, 0xD2, 0x98,
    0x7F, 0x20, 0x3E, 0x80, 0x00, 0xC1, 0x3F, 0x28, 0x91, 0x08, 0x2B, 0x21,
    0x19, 0xA2, 0x2F, 0x12, 0xA2, 0x81, 0xF8, 0x38, 0xBA, 0x50, 0x90, 0x82,
    0x3D, 0x88, 0x0A, 0x47, 0xBF, 0x17, 0xD1, 0x83, 0xA9, 0x01, 0x19, 0x80,
    0x00, 0xD2, 0x81, 0xA2, 0xA1, 0x91, 0x1C, 0x30, 0xB0, 0x29, 0x19, 0x93,
    0xB3, 0xC5, 0x9A, 0x31, 0xF1, 0x92, 0x92, 0x9A, 0x04, 0xA2, 0xB0, 0x2B,
    0xC7, 0x90, 0x82, 0x1F, 0x20, 0x89, 0x08, 0x92, 0x19, 0x08, 0x02, 0xC1,
    0x2A, 0x8D, 0x21, 0xB3, 0x92, 0xD3, 0xA2, 0xB9, 0x7E, 0x32, 0xE2, 0x09,
    0x80, 0x98, 0x2A, 0x19, 0x12, 0xC3, 0x9A, 0x48, 0x2C, 0x12, 0xE1, 0x29,
    0x19, 0x3D, 0x1D, 0x49, 0x00, 0x92, 0x8B, 0xB6, 0x0B, 0x10, 0x81, 0x09,
    0x61, 0x98, 0xA1, 0xBB, 0x93, 0x5A, 0x34, 0xC8, 0x49, 0xE2, 0x98, 0x00,
    0x00, 0x3E, 0x10, 0x10, 0x00, 0xF9, 0x1B, 0x97, 0x7F, 0x29, 0x0C, 0x13,
    0x98, 0x1C, 0x01, 0x00, 0x80, 0x0B, 0x1C, 0x70, 0xB9, 0x29, 0x81, 0x19,
    0x08, 0x19, 0x94, 0x9C, 0x83, 0x11, 0xC4, 0x8B, 0x80, 0x60, 0x9A, 0x03,
    0xB4, 0x99, 0x18, 0xBE, 0x59, 0x88, 0x03, 0xA2, 0x98, 0xB2, 0xE1, 0x30,
    0x90, 0x18, 0x00, 0x9A, 0x59, 0xD1, 0x20, 0xBB, 0x47, 0xAA, 0x22, 0xD1,
    0x1A, 0x29, 0x19, 0x7F, 0x79, 0xA0, 0x93, 0x99, 0x01, 0x11, 0x1A, 0x91,
    0xF4, 0xA2, 0xA1, 0x90, 0x88, 0x3C, 0x02, 0x93, 0xF1, 0x88, 0x10, 0x90,
    0x82, 0xB3, 0x92, 0x0D, 0x1A, 0x38, 0xA2, 0x05, 0xC3, 0xAA, 0x10, 0x09,
    0x49, 0x1C, 0x19, 0x28, 0x98, 0x1A, 0x14, 0xC1, 0x1A, 0x29, 0x01, 0xA8,
    0x09, 0x93, 0x18, 0x2E, 0x28, 0x99, 0x30, 0x91, 0xB0, 0x3C, 0x32, 0x0B,
    0x18, 0xF2, 0x2B, 0x00, 0x33, 0xFB, 0x30, 0x08, 0x08, 0x08, 0x08, 0x08,
    0x08, 0x08, 0x08, 0x08, 0x21, 0x08, 0x08, 0x08, 0x08, 0x08, 0x08, 0x08,
    0x08, 0x08, 0x08, 0x08, 0x08, 0x08, 0x08, 0x08, 0x08, 0x08, 0x08, 0x08,
    0x08, 0x08, 0x08, 0x08, 0x08, 0x08, 0x08, 0x08, 0x08, 0x08, 0x08, 0x08,
    0x08, 0x08, 0x00, 0x00, 0x00, 0x00, 0x00, 0x00, 0x00, 0x00, 0x00, 0x00,
    0x00, 0x00, 0x00, 0x00, 0x7F, 0x00, 0x80, 0x80, 0x80, 0x80, 0x80, 0x80,
    0x80, 0x80, 0x80, 0x80, 0x80, 0x80, 0x80, 0x80, 0x80, 0x80, 0x80, 0x80,
    0x80, 0x80, 0x80, 0x80, 0x80, 0x80, 0x80, 0x80, 0x80, 0x80, 0x80, 0x80,
    0x80, 0x80, 0x80, 0x80, 0x80, 0x80, 0x80, 0x80, 0x80, 0x80, 0x88, 0x00,
    0x88, 0x08, 0x80, 0x00, 0x08, 0x80, 0x08, 0x80, 0x90, 0x00, 0x98, 0x80,
    0x22, 0x18, 0x9A, 0xA0, 0x07, 0x77, 0x7A, 0xFB, 0x80, 0x45, 0x1B, 0x98,
    0x10, 0xA9, 0x13, 0x39, 0xB9, 0x11, 0x89, 0x98, 0x00, 0x11, 0x08, 0xB8,
    0x02, 0x19, 0x98, 0x12, 0x89, 0xA9, 0x18, 0x88, 0x80, 0x10, 0x9A, 0xA2,
    0x11, 0x18, 0xAA, 0x88, 0x02, 0x10, 0x89, 0x83, 0x20, 0xAF, 0xC8, 0x33,
    0x48, 0x9B, 0x92, 0x41, 0x9B, 0xBA, 0x90, 0x33, 0x11, 0x30, 0xCB, 0x90,
    0x13, 0x18, 0x88, 0x9A, 0x90, 0x00, 0x13, 0x18, 0xAC, 0xBA, 0x04, 0x33,
    0x7F, 0x1A, 0xC0, 0x01, 0x00, 0x00, 0x8A, 0xA8, 0x01, 0x35, 0x0A, 0xDB,
    0x80, 0x12, 0x32, 0x29, 0xBB, 0x80, 0x20, 0x00, 0x88, 0x12, 0x99, 0x98,
    0x18, 0x88, 0x01, 0x08, 0x98, 0x8A, 0x82, 0x23, 0x0A, 0x99, 0x00, 0x08,
    0x82, 0x10, 0x9A, 0xBA, 0x91, 0x12, 0x42, 0x10, 0xBB, 0xA9, 0x02, 0x30,
    0x8A, 0xA0, 0x12, 0x0A, 0x99, 0x82, 0x21, 0x8B, 0xA0, 0x22, 0x08, 0x9A,
    0x90, 0x81, 0x21, 0x08, 0x99, 0x90, 0x01, 0x08, 0x80, 0x00, 0x89, 0x80,
    0x00, 0x00, 0x90, 0x98, 0x19, 0x29, 0x80, 0x80, 0x01, 0x18, 0xBA, 0x81,
    0x31, 0x09, 0x91, 0xA8, 0x80, 0x00, 0x10, 0x09, 0x08, 0x09, 0x80, 0x00,
    0x08, 0xA9, 0x01, 0x31, 0x88, 0x98, 0x08, 0x98, 0x00, 0x00, 0x00, 0x08,
    0xA8, 0x81, 0x10, 0x09, 0x08, 0x88, 0x00, 0x80, 0x88, 0x00, 0x08, 0x08,
    0x80, 0x80, 0x88, 0x88, 0x01, 0x00, 0x90, 0x08, 0x7F, 0x00, 0x88, 0x98,
    0x00, 0x00, 0x00, 0x88, 0x88, 0x80, 0x00, 0x00, 0x88, 0x98, 0x00, 0x00,
    0x00, 0x80, 0x98, 0x98, 0x12, 0x10, 0x9A, 0x98, 0x01, 0x10, 0x00, 0x89,
    0x88, 0x88, 0x01, 0x08, 0x80, 0x08, 0x80, 0x08, 0x80, 0x80, 0x80, 0x00,
    0x88, 0x80, 0x80, 0x88, 0x08, 0x08, 0x00, 0x08, 0x80, 0x80, 0x08, 0x80,
    0x88, 0x08, 0x00, 0x08, 0x08, 0x80, 0x80, 0x88, 0x00, 0x80, 0x23, 0xF9,
    0x3B, 0x20, 0x08, 0x91, 0x08, 0x88, 0x80, 0x08, 0x80, 0x01, 0x80, 0x88,
    0x98, 0x81, 0x00, 0x00, 0x88, 0x88, 0x80, 0x00, 0x08, 0x08, 0x08, 0x88,
    0x00, 0x08, 0x00, 0x89, 0x88, 0x00, 0x00, 0x00, 0x88, 0x88, 0x80, 0x00,
    0x08, 0x80, 0x80, 0x08, 0x80, 0x80, 0x08, 0x88, 0x80, 0x00, 0x00, 0x88,
    0x88, 0x00, 0x08, 0x88, 0x88, 0x00, 0x00, 0x08, 0x08, 0x08, 0x90, 0x80,
    0x01, 0x08, 0x09, 0x88, 0x18, 0x08, 0x00, 0x80, 0x80, 0x80, 0x80, 0x80,
    0x80, 0x08, 0x08, 0x80, 0x80, 0x80, 0x08, 0x08, 0x80, 0x80, 0x80, 0x80,
    0x80, 0x80, 0x80, 0x80, 0x80, 0x00, 0x00, 0x00, 0x00, 0x00, 0x00, 0x00,
    0x7F, 0x00, 0x80, 0x80, 0x80, 0x80, 0x80, 0x80, 0x80, 0x80, 0x80, 0x80,
    0x80, 0x80, 0x80, 0x80, 0x80, 0x80, 0x08, 0x00, 0x80, 0x88, 0x88, 0x98,
    0x88, 0x00, 0x00, 0x80, 0x00, 0x10, 0x00, 0x80, 0x89, 0x08, 0x00, 0x02,
    0x88, 0x18, 0x80, 0xA8, 0xAB, 0xBC, 0x98, 0x02, 0x32, 0x44, 0x11, 0x88,
    0x0C, 0x9A, 0xB1, 0x32, 0x51, 0xA9, 0xFA, 0x80, 0x54, 0x10, 0xCB, 0xCB,
    0x10, 0x42, 0x20, 0x99, 0x82, 0x73, 0x19, 0xBF, 0xAA, 0x82, 0x43, 0x39,
    0xCE, 0xAA, 0x13, 0x35, 0x11, 0x9B, 0xAA, 0x22, 0x09, 0xB8, 0x31, 0x1C,
    0xD9, 0x90, 0x34, 0x73, 0x1A, 0xDC, 0x88, 0x01, 0x01, 0x91, 0x92, 0x72,
    0x10, 0xBF, 0xAA, 0x80, 0x24, 0x61, 0x0A, 0xFA, 0x90, 0x33, 0x43, 0x89,
    0xCB, 0x98, 0x01, 0x89, 0x81, 0x32, 0x40, 0x1A, 0xBD, 0xA8, 0x20, 0x28,
    0x77, 0x11, 0xBE, 0xAB, 0x91, 0x25, 0x51, 0x08, 0x7F, 0xBB, 0xBA, 0x02,
    0x37, 0x08, 0xAB, 0x81, 0x24, 0x00, 0x09, 0xBA, 0xC0, 0x11, 0x4B, 0x01,
    0xA4, 0x0E, 0x81, 0x43, 0x09, 0xAE, 0x9A, 0x91, 0x46, 0x28, 0x8B, 0xCA,
    0xB0, 0x27, 0x42, 0x89, 0xBD, 0xA8, 0x03, 0x23, 0x2A, 0xBA, 0x94, 0x43,
    0xBF, 0x9A, 0x91, 0x33, 0x71, 0x0B, 0xC9, 0x09, 0x38, 0x02, 0x09, 0x29,
    0x24, 0xB0, 0xEC, 0x0B, 0x04, 0x24, 0x32, 0x9E, 0xAA, 0xA1, 0x23, 0x33,
    0xC9, 0xF8, 0x83, 0x42, 0x98, 0xDA, 0x98, 0x15, 0x33, 0x8C, 0xDB, 0x01,
    0x25, 0x10, 0x8D, 0xB8, 0x03, 0x50, 0x09, 0xCA, 0x89, 0x42, 0x30, 0xAA,
    0xA0, 0x34, 0x0B, 0xCC, 0xA0, 0x36, 0x21, 0x8B, 0xC9, 0x02, 0x81, 0x08,
    0x13, 0x89, 0xF8, 0xA2, 0x33, 0x9E, 0x89, 0x94, 0x71, 0x8A, 0xDA, 0x93,
    0x61, 0x29, 0xCB, 0xA0, 0x43, 0x28, 0xAC, 0x88, 0x02, 0x28, 0x0A, 0x8B,
    0x30, 0x85, 0x04, 0xCC, 0x7F, 0xC8, 0x01, 0x52, 0x10, 0xCA, 0xA1, 0x43,
    0x09, 0xEC, 0x92, 0x14, 0x20, 0x8B, 0x90, 0x99, 0x28, 0x21, 0xB1, 0xFB,
    0x24, 0x85, 0x1A, 0x9C, 0xA8, 0x86, 0x28, 0x80, 0x10, 0xAA, 0xAC, 0x82,
    0x28, 0x61, 0x18, 0x88, 0xFB, 0x9A, 0x54, 0x33, 0x8E, 0xBB, 0x82, 0x53,
    0x09, 0xCC, 0x91, 0x36, 0x18, 0x9B, 0xBA, 0x13, 0x24, 0x18, 0xAA, 0xC9,
    0x15, 0x21, 0x9C, 0xCA, 0x82, 0x73, 0x28, 0xDB, 0xA9, 0x13, 0x42, 0x89,
    0x8A, 0x99, 0x81, 0x20, 0x1A, 0xB1, 0x82, 0x54, 0x30, 0xFC, 0xA0, 0x21,
    0x21, 0x2A, 0xCC, 0x24, 0x18, 0x9A, 0xD9, 0x01, 0x34, 0x38, 0xB9, 0xB9,
    0x19, 0x01, 0x18, 0xF3, 0x08, 0x04, 0x68, 0xCA, 0xD8, 0x12, 0x62, 0xAA,
    0x99, 0x80, 0x41, 0x89, 0xC1, 0x10, 0x01, 0x0A, 0xB2, 0x39, 0xFB, 0x08,
    0x74, 0x28, 0xDB, 0x98, 0x24, 0x12, 0x9C, 0xB8, 0x41, 0x10, 0x8B, 0xB9,
    0x7F, 0x00, 0x03, 0x22, 0x72, 0xAB, 0xCC, 0x93, 0x41, 0x8C, 0xA8, 0x54,
    0x28, 0xAE, 0xA8, 0x14, 0x11, 0xBB, 0x91, 0x53, 0x09, 0xC9, 0xC8, 0x22,
    0x10, 0x91, 0x34, 0x9D, 0xA8, 0xB8, 0x52, 0x08, 0xCA, 0x06, 0x31, 0x9A,
    0xCC, 0x91, 0x43, 0x0A, 0x98, 0x08, 0x23, 0x8A, 0x9E, 0xC8, 0x00, 0x44,
    0x24, 0x1B, 0xEB, 0x99, 0x03, 0x45, 0x1B, 0x98, 0xBB, 0x17, 0x3A, 0x98,
    0x9B, 0x83, 0x51, 0x8B, 0x88, 0x02, 0x43, 0xFD, 0x91, 0x13, 0x22, 0x0C,
    0xC8, 0x18, 0x92, 0x2A, 0xC1, 0x71, 0xAA, 0x08, 0x08, 0x21, 0x8C, 0xC0,
    0x24, 0x18, 0xAA, 0xA0, 0x15, 0x30, 0xBD, 0xBA, 0x32, 0x53, 0x19, 0xBD,
    0x91, 0x12, 0x0A, 0xBB, 0x81, 0x56, 0x20, 0xBB, 0xC0, 0x02, 0x28, 0xBC,
    0x85, 0x20, 0x38, 0xCE, 0x92, 0x21, 0x18, 0xCA, 0x98, 0x43, 0x11, 0x8E,
    0xB1, 0x39, 0xA3, 0x58, 0xB8, 0x18, 0xAD, 0x05, 0x7F, 0x19, 0x81, 0x8C,
    0x13, 0x21, 0x0A, 0xFC, 0xA8, 0x36, 0x11, 0x19, 0xEA, 0x11, 0x10, 0x10,
    0xBF, 0x91, 0x32, 0x10, 0x0C, 0xC9, 0x22, 0x13, 0x1D, 0xBB, 0x02, 0x02,
    0x34, 0x0A, 0xB0, 0x1B, 0xA9, 0xA9, 0xA4, 0x79, 0x23, 0x18, 0xBA, 0x9E,
    0xB9, 0x26, 0x20, 0x12, 0x0B, 0xBA, 0xE0, 0x10, 0x1A, 0x93, 0x47, 0x00,
    0xAF, 0xB8, 0x02, 0x46, 0x18, 0x8C, 0xCA, 0x11, 0x31, 0x28, 0x8C, 0x90,
    0x13, 0x08, 0x8C, 0xB9, 0x04, 0x22, 0x8A, 0xD9, 0x11, 0x32, 0x48, 0xFA,
    0x90, 0x13, 0x14, 0x08, 0xAA, 0xAD, 0xB0, 0x32, 0x72, 0x09, 0xB9, 0x00,
    0x8C, 0x81, 0x20, 0x13, 0x12, 0xBD, 0xF9, 0x81, 0x82, 0x27, 0x10, 0x9B,
    0xAC, 0x80, 0x12, 0x40, 0x0A, 0x82, 0xAA, 0x03, 0x8F, 0xA1, 0x22, 0x24,
    0x0A, 0xDD, 0x92, 0x22, 0x28, 0xC9, 0xA9, 0x05, 0x51, 0x9B, 0xA8, 0x02,
    0x08, 0x9A, 0x92, 0x63, 0x7F, 0x0A, 0xCA, 0x80, 0x82, 0x28, 0xA9, 0x73,
    0x1D, 0xAA, 0x89, 0x15, 0x30, 0x11, 0x9E, 0xBA, 0x14, 0x08, 0x01, 0x11,
    0x13, 0xAD, 0xCB, 0x82, 0x83, 0x18, 0x25, 0x49, 0xCB, 0x9B, 0x92, 0x72,
    0x20, 0xBB, 0x88, 0x12, 0x98, 0xDC, 0x12, 0x37, 0x19, 0xAB, 0x9A, 0x04,
    0x22, 0x1A, 0x1A, 0x9F, 0x8A, 0x19, 0x53, 0x28, 0x88, 0xBB, 0x98, 0x20,
    0x83, 0x15, 0x00, 0x2F, 0xAC, 0x89, 0x86, 0x30, 0x1B, 0x0B, 0xB1, 0xB1,
    0x48, 0x20, 0x11, 0xB0, 0xB8, 0x10, 0x02, 0x5C, 0x98, 0x79, 0x80, 0x08,
    0x9B, 0x91, 0x30, 0x35, 0xBA, 0x9A, 0x3A, 0x14, 0x18, 0xCB, 0x08, 0x30,
    0x80, 0x80, 0x80, 0x80, 0x80, 0x80, 0x80, 0x80, 0x80, 0x08, 0x08, 0x08,
    0x08, 0x08, 0x08, 0x08, 0x08, 0x08, 0x08, 0x08, 0x08, 0x08, 0x08, 0x08,
    0x08, 0x08, 0x08, 0x08, 0x08, 0x08, 0x08, 0x08, 0x08, 0x08, 0x08, 0x08,
    0x7F, 0x08, 0x08, 0x08, 0x08, 0x08, 0x08, 0x08, 0x08, 0x08, 0x08, 0x08,
    0x08, 0x08, 0x08, 0x08, 0x08, 0x08, 0x08, 0x08, 0x08, 0x08, 0x08, 0x08,
    0x08, 0x08, 0x08, 0x08, 0x08, 0x08, 0x08, 0x08, 0x08, 0x08, 0x08, 0x08,
    0x08, 0x08, 0x08, 0x08, 0x08, 0x08, 0x08, 0x08, 0x08, 0x08, 0x08, 0x08,
    0x08, 0x08, 0x08, 0x08, 0x08, 0x08, 0x08, 0x08, 0x08, 0x08, 0x08, 0x08,
    0x08, 0x08, 0x08, 0x08, 0x08, 0x08, 0x08, 0x08, 0x08, 0x08, 0x08, 0x08,
    0x08, 0x08, 0x08, 0x08, 0x08, 0x08, 0x08, 0x08, 0x08, 0x08, 0x08, 0x08,
    0x08, 0x08, 0x08, 0x08, 0x08, 0x08, 0x08, 0x08, 0x08, 0x08, 0x08, 0x08,
    0x08, 0x08, 0x08, 0x08, 0x08, 0x08, 0x08, 0x08, 0x08, 0x08, 0x08, 0x08,
    0x08, 0x08, 0x08, 0x08, 0x08, 0x08, 0x08, 0x08, 0x08, 0x08, 0x08, 0x08,
    0x08, 0x08, 0x08, 0x08, 0x08, 0x08, 0x08, 0x08, 0x7F, 0x08, 0x08, 0x08,
    0x08, 0x08, 0x08, 0x08, 0x08, 0x08, 0x08, 0x08, 0x08, 0x08, 0x08, 0x08,
    0x08, 0x08, 0x08, 0x08, 0x08, 0x08, 0x08, 0x08, 0x08, 0x08, 0x08, 0x08,
    0x08, 0x08, 0x08, 0x08, 0x08, 0x08, 0x08, 0x08, 0x08, 0x08, 0x08, 0x08,
    0x08, 0x08, 0x08, 0x08, 0x08, 0x08, 0x08, 0x08, 0x08, 0x08, 0x08, 0x08,
    0x08, 0x08, 0x08, 0x08, 0x08, 0x08, 0x08, 0x08, 0x08, 0x08, 0x08, 0x08,
    0x08, 0x08, 0x08, 0x08, 0x08, 0x08, 0x08, 0x08, 0x08, 0x08, 0x08, 0x08,
    0x08, 0x08, 0x08, 0x08, 0x08, 0x08, 0x08, 0x08, 0x08, 0x08, 0x08, 0x08,
    0x08, 0x08, 0x08, 0x08, 0x08, 0x08, 0x08, 0x08, 0x08, 0x08, 0x08, 0x08,
    0x08, 0x08, 0x08, 0x08, 0x08, 0x08, 0x08, 0x08, 0x08, 0x08, 0x08, 0x08,
    0x08, 0x08, 0x08, 0x08, 0x08, 0x08, 0x08, 0x08, 0x08, 0x08, 0x08, 0x08,
    0x08, 0x08, 0x08, 0x08, 0x7F, 0x08, 0x08, 0x08, 0x08, 0x08, 0x08, 0x08,
    0x08, 0x08, 0x08, 0x08, 0x08, 0x08, 0x08, 0x08, 0x08, 0x08, 0x08, 0x08,
    0x08, 0x08, 0x08, 0x08, 0x08, 0x08, 0x08, 0x08, 0x08, 0x08, 0x08, 0x08,
    0x08, 0x08, 0x08, 0x08, 0x08, 0x08, 0x08, 0x08, 0x08, 0x08, 0x08, 0x08,
    0x08, 0x08, 0x08, 0x08, 0x08, 0x08, 0x08, 0x08, 0x08, 0x08, 0x08, 0x08,
    0x08, 0x08, 0x08, 0x08, 0x08, 0x08, 0x08, 0x08, 0x08, 0x08, 0x08, 0x08,
    0x08, 0x08, 0x08, 0x08, 0x08, 0x08, 0x08, 0x08, 0x08, 0x08, 0x08, 0x08,
    0x08, 0x08, 0x08, 0x08, 0x08, 0x08, 0x08, 0x08, 0x08, 0x08, 0x08, 0x08,
    0x08, 0x08, 0x08, 0x08, 0x08, 0x08, 0x08, 0x08, 0x08, 0x08, 0x08, 0x08,
    0x08, 0x08, 0x08, 0x08, 0x08, 0x08, 0x08, 0x08, 0x08, 0x08, 0x08, 0x08,
    0x08, 0x08, 0x08, 0x08, 0x08, 0x08, 0x08, 0x08, 0x08, 0x08, 0x08, 0x08,
    0x7F, 0x08, 0x08, 0x08, 0x08, 0x08, 0x08, 0x08, 0x08, 0x08, 0x08, 0x08,
    0x08, 0x08, 0x08, 0x08, 0x08, 0x08, 0x08, 0x08, 0x08, 0x08, 0x08, 0x08,
    0x08, 0x08, 0x08, 0x08, 0x08, 0x08, 0x08, 0x08, 0x08, 0x08, 0x08, 0x08,
    0x08, 0x08, 0x08, 0x08, 0x08, 0x08, 0x08, 0x08, 0x08, 0x08, 0x08, 0x08,
    0x08, 0x08, 0x08, 0x08, 0x08, 0x08, 0x08, 0x08, 0x08, 0x08, 0x08, 0x08,
    0x08, 0x08, 0x08, 0x08, 0x08, 0x08, 0x08, 0x08, 0x80, 0x80, 0x88, 0x08,
    0x00, 0x80, 0x08, 0x08, 0x08, 0x08, 0x08, 0x00, 0x80, 0x08, 0x08, 0x00,
    0x00, 0x80, 0x88, 0x99, 0xA9, 0x88, 0x00, 0x10, 0x00, 0x00, 0x20, 0x10,
    0x88, 0x89, 0x09, 0x01, 0x02, 0x88, 0x18, 0x88, 0x99, 0xAB, 0xAC, 0x98,
    0x01, 0x41, 0x52, 0x12, 0x90, 0x8B, 0xAA, 0xB1, 0x33, 0x51, 0xAA, 0xFA,
    0x08, 0x54, 0x10, 0xCB, 0xCA, 0x00, 0x42, 0x20, 0x7F, 0x99, 0x82, 0x73,
    0x19, 0xBF, 0xAA, 0x82, 0x43, 0x39, 0xCE, 0xAA, 0x13, 0x35, 0x11, 0x9B,
    0xAA, 0x22, 0x09, 0xB8, 0x31, 0x1C, 0xD9, 0x90, 0x34, 0x73, 0x1A, 0xDC,
    0x88, 0x01, 0x01, 0x91, 0x92, 0x72, 0x10, 0xBF, 0xAA, 0x80, 0x24, 0x61,
    0x0A, 0xFA, 0x90, 0x33, 0x43, 0x89, 0xCB, 0x98, 0x01, 0x89, 0x81, 0x32,
    0x40, 0x1A, 0xBD, 0xA8, 0x20, 0x28, 0x77, 0x11, 0xBE, 0xAB, 0x91, 0x25,
    0x51, 0x08, 0xBB, 0xBA, 0x02, 0x37, 0x08, 0xAB, 0x81, 0x24, 0x00, 0x09,
    0xBA, 0xC0, 0x11, 0x4B, 0x01, 0xA4, 0x0E, 0x81, 0x43, 0x09, 0xAE, 0x9A,
    0x91, 0x46, 0x28, 0x8B, 0xCA, 0xB0, 0x27, 0x42, 0x89, 0xBD, 0xA8, 0x03,
    0x23, 0x2A, 0xBA, 0x94, 0x43, 0xBF, 0x9A, 0x91, 0x33, 0x71, 0x0B, 0xC9,
    0x09, 0x38, 0x02, 0x09, 0x29, 0x24, 0xB0, 0xEC, 0x0B, 0x04, 0x24, 0x32,
    0x9E, 0xAA, 0xA1, 0x23, 0x7F, 0x33, 0xC9, 0xF8, 0x83, 0x42, 0x98, 0xDA,
    0x98, 0x15, 0x33, 0x8C, 0xDB, 0x01, 0x25, 0x10, 0x8D, 0xB8, 0x03, 0x50,
    0x09, 0xCA, 0x89, 0x42, 0x30, 0xAA, 0xA0, 0x34, 0x0B, 0xCC, 0xA0, 0x36,
    0x21, 0x8B, 0xC9, 0x02, 0x81, 0x08, 0x13, 0x89, 0xF8, 0xA2, 0x33, 0x9E,
    0x89, 0x94, 0x71, 0x8A, 0xDA, 0x93, 0x61, 0x29, 0xCB, 0xA0, 0x43, 0x28,
    0xAC, 0x88, 0x02, 0x28, 0x0A, 0x8B, 0x30, 0x85, 0x04, 0xCC, 0xC8, 0x01,
    0x52, 0x10, 0xCA, 0xA1, 0x43, 0x09, 0xEC, 0x92, 0x14, 0x20, 0x8B, 0x90,
    0x99, 0x28, 0x21, 0xB1, 0xFB, 0x24, 0x85, 0x1A, 0x9C, 0xA8, 0x86, 0x28,
    0x80, 0x10, 0xAA, 0xAC, 0x82, 0x28, 0x61, 0x18, 0x88, 0xFB, 0x9A, 0x54,
    0x33, 0x8E, 0xBB, 0x82, 0x53, 0x09, 0xCC, 0x91, 0x36, 0x18, 0x9B, 0xBA,
    0x13, 0x24, 0x18, 0xAA, 0xC9, 0x15, 0x21, 0x9C, 0xCA, 0x82, 0x73, 0x28,
    0x7F, 0xDB, 0xA9, 0x13, 0x42, 0x89, 0x8A, 0x99, 0x81, 0x20, 0x1A, 0xB1,
    0x82, 0x54, 0x30, 0xFC, 0xA0, 0x21, 0x21, 0x2A, 0xCC, 0x24, 0x18, 0x9A,
    0xD9, 0x01, 0x34, 0x38, 0xB9, 0xB9, 0x19, 0x01, 0x18, 0xF3, 0x08, 0x04,
    0x68, 0xCA, 0xD8, 0x12, 0x62, 0xAA, 0x99, 0x80, 0x41, 0x89, 0xC1, 0x10,
    0x01, 0x0A, 0xB2, 0x39, 0xFB, 0x08, 0x74, 0x28, 0xDB, 0x98, 0x24, 0x12,
    0x9C, 0xB8, 0x41, 0x10, 0x8B, 0xB9, 0x00, 0x03, 0x22, 0x72, 0xAB, 0xCC,
    0x93, 0x41, 0x8C, 0xA8, 0x54, 0x28, 0xAE, 0xA8, 0x14, 0x11, 0xBB, 0x91,
    0x53, 0x09, 0xC9, 0xC8, 0x22, 0x10, 0x91, 0x34, 0x9D, 0xA8, 0xB8, 0x52,
    0x08, 0xCA, 0x06, 0x31, 0x9A, 0xCC, 0x91, 0x43, 0x0A, 0x98, 0x08, 0x23,
    0x8A, 0x9E, 0xC8, 0x00, 0x44, 0x24, 0x1B, 0xEB, 0x99, 0x03, 0x45, 0x1B,
    0x98, 0xBB, 0x17, 0x3A, 0x98, 0x9B, 0x83, 0x51, 0x7F, 0x8B, 0x88, 0x02,
    0x43, 0xFD, 0x91, 0x13, 0x22, 0x0C, 0xC8, 0x18, 0x92, 0x2A, 0xC1, 0x71,
    0xAA, 0x08, 0x08, 0x21, 0x8C, 0xC0, 0x24, 0x18, 0xAA, 0xA0, 0x15, 0x30,
    0xBD, 0xBA, 0x32, 0x53, 0x19, 0xBD, 0x91, 0x12, 0x0A, 0xBB, 0x81, 0x56,
    0x20, 0xBB, 0xC0, 0x02, 0x28, 0xBC, 0x85, 0x20, 0x38, 0xCE, 0x92, 0x21,
    0x18, 0xCA, 0x98, 0x43, 0x11, 0x8E, 0xB1, 0x39, 0xA3, 0x58, 0xB8, 0x18,
    0xAD, 0x05, 0x19, 0x81, 0x8C, 0x13, 0x21, 0x0A, 0xFC, 0xA8, 0x36, 0x11,
    0x19, 0xEA, 0x11, 0x10, 0x10, 0xBF, 0x91, 0x32, 0x10, 0x0C, 0xC9, 0x22,
    0x13, 0x1D, 0xBB, 0x02, 0x02, 0x34, 0x0A, 0xB0, 0x1B, 0xA9, 0xA9, 0xA4,
    0x79, 0x23, 0x18, 0xBA, 0x9E, 0xB9, 0x26, 0x20, 0x12, 0x0B, 0xBA, 0xE0,
    0x10, 0x1A, 0x93, 0x47, 0x00, 0xAF, 0xB8, 0x02, 0x46, 0x18, 0x8C, 0xCA,
    0x11, 0x31, 0x28, 0x8C, 0x7F, 0x90, 0x13, 0x08, 0x8C, 0xB9, 0x04, 0x22,
    0x8A, 0xD9, 0x11, 0x32, 0x48, 0xFA, 0x90, 0x13, 0x14, 0x08, 0xAA, 0xAD,
    0xB0, 0x32, 0x72, 0x09, 0xB9, 0x00, 0x8C, 0x81, 0x20, 0x13, 0x12, 0xBD,
    0xF9, 0x81, 0x82, 0x27, 0x10, 0x9B, 0xAC, 0x80, 0x12, 0x40, 0x0A, 0x82,
    0xAA, 0x03, 0x8F, 0xA1, 0x22, 0x24, 0x0A, 0xDD, 0x92, 0x22, 0x28, 0xC9,
    0xA9, 0x05, 0x51, 0x9B, 0xA8, 0x02, 0x08, 0x9A, 0x92, 0x63, 0x0A, 0xCA,
    0x80, 0x82, 0x28, 0xA9, 0x73, 0x1D, 0xAA, 0x89, 0x15, 0x30, 0x11, 0x9E,
    0xBA, 0x14, 0x08, 0x01, 0x11, 0x13, 0xAD, 0xCB, 0x82, 0x83, 0x18, 0x25,
    0x49, 0xCB, 0x9B, 0x92, 0x72, 0x20, 0xBB, 0x88, 0x12, 0x98, 0xDC, 0x12,
    0x37, 0x19, 0xAB, 0x9A, 0x04, 0x22, 0x1A, 0x1A, 0x9F, 0x8A, 0x19, 0x53,
    0x28, 0x88, 0xBB, 0x98, 0x20, 0x83, 0x15, 0x00, 0x2F, 0xAC, 0x89, 0x86,
    0x47, 0x30, 0x1B, 0x0B, 0xB1, 0xB1, 0x48, 0x20, 0x11, 0xB0, 0xB8, 0x10,
    0x02, 0x5C, 0x98, 0x79, 0x80, 0x08, 0x9B, 0x91, 0x30, 0x35, 0xBA, 0x9A,
    0x3A, 0x14, 0x18, 0xCB, 0x08, 0x30, 0x80, 0x80, 0x80, 0x80, 0x80, 0x80,
    0x08, 0x08, 0x08, 0x08, 0x08, 0x08, 0x08, 0x08, 0x08, 0x08, 0x08, 0x08,
    0x08, 0x08, 0x08, 0x08, 0x08, 0x08, 0x08, 0x08, 0x08, 0x08, 0x08, 0x08,
    0x08, 0x08, 0x08, 0x08, 0x08, 0x08, 0x08, 0x08, 0x08, 0x08, 0x08, 0x08,
    0x00
};

const uint32_t wanwan_oki_rom_size = 31753u;
